time_s,explicit_euler,semi_implicit_euler,leapfrog,rk4
0.0166667,2.36632e-05,0,1.69023e-07,1.69023e-07
0.0333333,4.69884e-05,0,8.45114e-08,0
0.05,6.92994e-05,8.45115e-07,8.45114e-08,8.45114e-08
0.0666667,9.48219e-05,6.76092e-07,1.43669e-06,1.35218e-06
0.0833333,0.00011671,3.38046e-07,5.9158e-07,5.9158e-07
0.1,0.000140543,0,9.29626e-07,8.45115e-07
0.116667,0.00016353,5.9158e-07,5.07069e-07,5.9158e-07
0.133333,0.000186939,6.76092e-07,7.60603e-07,6.76092e-07
0.15,0.000210941,8.45114e-08,1.35218e-06,1.35218e-06
0.166667,0.000232829,1.94376e-06,8.45114e-08,1.69023e-07
0.183333,0.000255478,2.36632e-06,1.69023e-07,3.38046e-07
0.2,0.000278888,2.70437e-06,8.45114e-08,8.45114e-08
0.216667,0.000301959,2.45083e-06,0,2.53534e-07
0.233333,0.00032613,2.70437e-06,3.38046e-07,2.53534e-07
0.25,0.000349793,2.1973e-06,1.01414e-06,7.60603e-07
0.266667,0.000372273,2.87339e-06,3.38046e-07,1.69023e-07
0.283333,0.000395007,4.05655e-06,4.22557e-07,4.22557e-07
0.3,0.000417909,4.14106e-06,8.45115e-07,1.09865e-06
0.316667,0.000441319,5.23971e-06,1.09865e-06,1.35218e-06
0.333333,0.000464559,4.56362e-06,1.01414e-06,1.18316e-06
0.35,0.000488561,4.3946e-06,8.45114e-08,1.69023e-07
0.366667,0.000512055,4.64813e-06,3.38046e-07,5.07069e-07
0.383333,0.000535634,4.31008e-06,8.45114e-08,1.69023e-07
0.4,0.000557353,5.83129e-06,6.76092e-07,7.60603e-07
0.416667,0.000580087,5.9158e-06,1.69023e-06,1.85925e-06
0.433333,0.000604003,6.42287e-06,1.01414e-06,1.09865e-06
0.45,0.000627751,5.32422e-06,1.26767e-06,1.26767e-06
0.466667,0.00065133,5.83129e-06,9.29626e-07,1.09865e-06
0.483333,0.000675162,5.74678e-06,5.07069e-07,4.22557e-07
0.5,0.000698572,6.6764e-06,5.9158e-07,7.60603e-07
0.516667,0.000721221,6.16934e-06,2.53534e-07,3.38046e-07
0.533333,0.000744884,5.9158e-06,1.69023e-07,1.69023e-07
0.55,0.000767956,6.25385e-06,1.69023e-07,8.45114e-08
0.566667,0.000791788,5.49324e-06,6.76092e-07,4.22557e-07
0.583333,0.000814352,6.16934e-06,1.69023e-07,0
0.6,0.0008381,6.84543e-06,8.45114e-08,5.07069e-07
0.616667,0.000861341,6.25385e-06,2.53534e-07,2.53534e-07
0.633333,0.000885004,6.84543e-06,1.69023e-07,3.38046e-07
0.65,0.000908076,7.26798e-06,4.22557e-07,8.45114e-08
0.666667,0.000931739,7.01445e-06,2.53534e-07,1.69023e-07
0.683333,0.000955486,6.84543e-06,5.07069e-07,5.07069e-07
0.7,0.000977966,7.52152e-06,8.45114e-08,5.9158e-07
0.716667,0.00100155,8.53566e-06,8.45115e-07,2.53534e-07
0.733333,0.00102504,7.26798e-06,7.60603e-07,8.45114e-08
0.75,0.00104777,8.62017e-06,5.9158e-07,1.69023e-07
0.766667,0.00107169,9.04273e-06,8.45114e-08,8.45115e-07
0.783333,0.00109425,9.21175e-06,2.53534e-07,2.53534e-07
0.8,0.00111741,8.95821e-06,3.38046e-07,1.01414e-06
0.816667,0.00114074,9.04273e-06,0,5.9158e-07
0.833333,0.00116482,9.80333e-06,3.38046e-07,2.53534e-07
0.85,0.00118789,1.03949e-05,5.9158e-07,0
0.866667,0.00121291,9.12724e-06,8.45115e-07,1.69023e-07
0.883333,0.0012353,9.04273e-06,6.76092e-07,3.38046e-07
0.9,0.00125854,9.38077e-06,1.69023e-06,7.60603e-07
0.916667,0.00128204,1.03104e-05,7.60603e-07,8.45114e-08
0.933333,0.00130494,1.06484e-05,1.60572e-06,5.9158e-07
0.95,0.00132734,9.97235e-06,8.45114e-08,6.76092e-07
0.966667,0.00135058,1.05639e-05,4.22557e-07,6.76092e-07
0.983333,0.00137407,1.20006e-05,4.22557e-07,7.60603e-07
1,0.00139697,1.17471e-05,5.9158e-07,1.35218e-06
1.01667,0.00142081,1.24232e-05,4.22557e-07,2.53534e-07
1.03333,0.00144464,1.20006e-05,9.29626e-07,1.69023e-07
1.05,0.00146763,1.20851e-05,1.69023e-07,1.09865e-06
1.06667,0.00149011,1.39444e-05,1.09865e-06,2.11279e-06
1.08333,0.00151419,1.28457e-05,1.01414e-06,2.02827e-06
1.1,0.00153709,1.32683e-05,1.35218e-06,2.11279e-06
1.11667,0.00156033,1.41979e-05,1.52121e-06,2.36632e-06
1.13333,0.00158374,1.41134e-05,8.45114e-08,7.60603e-07
1.15,0.00160766,1.30148e-05,6.76092e-07,3.38046e-07
1.16667,0.00163099,1.25077e-05,5.07069e-07,4.22557e-07
1.18333,0.0016538,1.25922e-05,2.53534e-07,1.43669e-06
1.2,0.00167705,1.29303e-05,2.53534e-07,9.29626e-07
1.21667,0.00170088,1.29303e-05,7.60603e-07,3.38046e-07
1.23333,0.0017237,1.34373e-05,8.45115e-07,1.69023e-07
1.25,0.00174753,1.33528e-05,9.29626e-07,1.69023e-07
1.26667,0.00177094,1.35218e-05,8.45114e-08,9.29626e-07
1.28333,0.00179502,1.44515e-05,8.45114e-08,5.9158e-07
1.3,0.00181936,1.36063e-05,3.38046e-07,7.60603e-07
1.31667,0.00184345,1.32683e-05,1.77474e-06,9.29626e-07
1.33333,0.00186753,1.09865e-05,3.04241e-06,2.28181e-06
1.35,0.00189069,1.16626e-05,3.04241e-06,2.36632e-06
1.36667,0.00191283,1.25922e-05,2.61985e-06,1.69023e-06
1.38333,0.00193683,1.18316e-05,2.53534e-06,1.77474e-06
1.4,0.00196033,1.17471e-05,3.21144e-06,2.1973e-06
1.41667,0.00198492,1.17471e-05,3.46497e-06,2.61985e-06
1.43333,0.00200858,1.1409e-05,3.38046e-06,2.28181e-06
1.45,0.00203174,1.33528e-05,3.80302e-06,2.87339e-06
1.46667,0.00205583,1.33528e-05,2.87339e-06,2.11279e-06
1.48333,0.00207974,1.33528e-05,2.9579e-06,2.28181e-06
1.5,0.00210281,1.44515e-05,2.9579e-06,1.94376e-06
1.51667,0.00212453,1.47895e-05,1.35218e-06,8.45115e-07
1.53333,0.00214786,1.44515e-05,1.77474e-06,8.45115e-07
1.55,0.00217118,1.52966e-05,2.02827e-06,1.18316e-06
1.56667,0.00219502,1.4536e-05,2.53534e-06,1.60572e-06
1.58333,0.00221902,1.53811e-05,1.94376e-06,9.29626e-07
1.6,0.002242,1.57191e-05,1.69023e-06,6.76092e-07
1.61667,0.0022655,1.54656e-05,2.78888e-06,1.69023e-06
1.63333,0.00228925,1.60572e-05,3.12692e-06,1.85925e-06
1.65,0.00231215,1.65642e-05,2.36632e-06,1.35218e-06
1.66667,0.00233598,1.73248e-05,2.70437e-06,1.69023e-06
1.68333,0.00235829,1.68178e-05,2.61985e-06,1.77474e-06
1.7,0.00238136,1.68178e-05,2.61985e-06,1.60572e-06
1.71667,0.00240477,1.69023e-05,2.28181e-06,1.01414e-06
1.73333,0.00242911,1.58882e-05,3.21144e-06,2.36632e-06
1.75,0.00245109,1.70713e-05,2.45083e-06,1.43669e-06
1.76667,0.00247509,1.72403e-05,2.02827e-06,1.09865e-06
1.78333,0.00249926,1.70713e-05,1.01414e-06,4.22557e-07
1.8,0.00252233,1.74939e-05,1.60572e-06,8.45115e-07
1.81667,0.00254532,1.817e-05,8.45115e-07,0
1.83333,0.00256889,1.94376e-05,7.60603e-07,0
1.85,0.00259205,1.91841e-05,6.76092e-07,4.22557e-07
1.86667,0.00261656,1.88461e-05,6.76092e-07,3.38046e-07
1.88333,0.00263938,2.04518e-05,1.26767e-06,2.53534e-07
1.9,0.00266211,2.04518e-05,1.35218e-06,2.53534e-07
1.91667,0.00268594,2.06208e-05,1.35218e-06,2.53534e-07
1.93333,0.00270935,2.00292e-05,9.29626e-07,0
1.95,0.00273251,1.96912e-05,8.45114e-08,8.45115e-07
1.96667,0.00275685,2.06208e-05,7.60603e-07,4.22557e-07
1.98333,0.00277992,2.08743e-05,1.69023e-06,8.45115e-07
2,0.00280417,2.07053e-05,1.43669e-06,8.45115e-07
2.01667,0.00282725,2.15504e-05,1.35218e-06,7.60603e-07
2.03333,0.00285142,2.12969e-05,1.35218e-06,3.38046e-07
2.05,0.00287398,2.15504e-05,1.01414e-06,2.53534e-07
2.06667,0.00289748,2.14659e-05,1.35218e-06,5.9158e-07
2.08333,0.0029208,2.08743e-05,2.11279e-06,1.35218e-06
2.1,0.00294429,2.17194e-05,1.26767e-06,7.60603e-07
2.11667,0.00296779,2.08743e-05,2.1973e-06,1.18316e-06
2.13333,0.00299103,2.16349e-05,2.36632e-06,1.43669e-06
2.15,0.00301562,2.11279e-05,2.1973e-06,1.35218e-06
2.16667,0.00303971,2.07053e-05,1.94376e-06,1.35218e-06
2.18333,0.00306295,2.02827e-05,1.52121e-06,8.45115e-07
2.2,0.00308661,2.03673e-05,2.02827e-06,1.35218e-06
2.21667,0.00311019,2.08743e-05,2.28181e-06,1.52121e-06
2.23333,0.00313326,2.15504e-05,2.36632e-06,1.94376e-06
2.25,0.00315709,2.17194e-05,2.36632e-06,1.43669e-06
2.26667,0.00318017,2.16349e-05,1.77474e-06,9.29626e-07
2.28333,0.00320324,2.33252e-05,1.35218e-06,8.45115e-07
2.3,0.00322749,2.2142e-05,2.11279e-06,1.60572e-06
2.31667,0.0032509,2.17194e-05,2.45083e-06,2.11279e-06
2.33333,0.00327507,2.20575e-05,2.61985e-06,1.94376e-06
2.35,0.00329831,2.32406e-05,2.78888e-06,2.45083e-06
2.36667,0.00332088,2.42548e-05,1.18316e-06,6.76092e-07
2.38333,0.0033442,2.49309e-05,0,5.07069e-07
2.4,0.00336803,2.54379e-05,9.29626e-07,3.38046e-07
2.41667,0.00339085,2.5607e-05,8.45114e-08,1.69023e-07
2.43333,0.00341511,2.5776e-05,1.69023e-07,2.53534e-07
2.45,0.00343784,2.56915e-05,7.60603e-07,2.53534e-07
2.46667,0.00346184,2.5776e-05,2.53534e-06,1.94376e-06
2.48333,0.00348542,2.69592e-05,1.94376e-06,1.43669e-06
2.5,0.00350799,2.69592e-05,5.9158e-07,2.53534e-07
2.51667,0.00353182,2.76352e-05,5.07069e-07,1.26767e-06
2.53333,0.00355481,2.78888e-05,1.69023e-07,3.38046e-07
2.55,0.00357813,2.76352e-05,5.9158e-07,8.45114e-08
2.56667,0.00360171,2.79733e-05,8.45115e-07,1.35218e-06
2.58333,0.00362537,2.88184e-05,0,5.9158e-07
2.6,0.00364751,2.96635e-05,8.45114e-08,6.76092e-07
2.61667,0.00367177,2.91565e-05,2.53534e-07,8.45115e-07
2.63333,0.00369374,3.00861e-05,1.09865e-06,1.52121e-06
2.65,0.00371808,2.99171e-05,1.09865e-06,1.69023e-06
2.66667,0.003742,2.9748e-05,1.26767e-06,1.85925e-06
2.68333,0.00376473,2.93255e-05,8.45115e-07,1.43669e-06
2.7,0.00378814,3.02551e-05,1.52121e-06,2.11279e-06
2.71667,0.00381197,3.10157e-05,4.22557e-07,8.45115e-07
2.73333,0.00383479,3.20298e-05,5.9158e-07,1.09865e-06
2.75,0.00385871,3.13537e-05,5.9158e-07,7.60603e-07
2.76667,0.00388271,3.20298e-05,1.18316e-06,2.02827e-06
2.78333,0.00390612,3.32975e-05,1.85925e-06,2.53534e-06
2.8,0.00392944,3.36356e-05,2.1973e-06,2.87339e-06
2.81667,0.00395311,3.3382e-05,1.60572e-06,2.28181e-06
2.83333,0.00397795,3.29595e-05,7.60603e-07,1.52121e-06
2.85,0.00400128,3.25369e-05,8.45114e-08,6.76092e-07
2.86667,0.00402477,3.19453e-05,3.38046e-07,5.9158e-07
2.88333,0.00404877,3.23679e-05,1.69023e-07,5.07069e-07
2.9,0.00407244,3.19453e-05,8.45114e-08,7.60603e-07
2.91667,0.00409568,3.38046e-05,3.38046e-07,1.09865e-06
2.93333,0.00412052,3.37201e-05,5.9158e-07,1.35218e-06
2.95,0.00414436,3.32975e-05,1.69023e-06,2.28181e-06
2.96667,0.00416768,3.27904e-05,7.60603e-07,1.01414e-06
2.98333,0.00419135,3.29595e-05,3.38046e-07,1.18316e-06
3,0.00421484,3.45652e-05,7.60603e-07,1.43669e-06
3.01667,0.00423749,3.49877e-05,9.29626e-07,1.52121e-06
3.03333,0.00426191,3.51568e-05,9.29626e-07,1.69023e-06
3.05,0.00428532,3.36356e-05,0,6.76092e-07
3.06667,0.00430983,3.3551e-05,1.26767e-06,1.85925e-06
3.08333,0.00433265,3.44807e-05,5.9158e-07,1.60572e-06
3.1,0.00435766,3.29595e-05,1.01414e-06,5.07069e-07
3.11667,0.00438192,3.29595e-05,1.94376e-06,1.01414e-06
3.13333,0.00440727,3.3044e-05,1.85925e-06,1.01414e-06
3.15,0.00443043,3.25369e-05,1.26767e-06,3.38046e-07
3.16667,0.00445325,3.2875e-05,9.29626e-07,2.53534e-07
3.18333,0.00447683,3.26214e-05,1.43669e-06,5.07069e-07
3.2,0.00449922,3.38046e-05,1.43669e-06,7.60603e-07
3.21667,0.00452238,3.57483e-05,1.69023e-07,4.22557e-07
3.23333,0.00454621,3.60019e-05,4.22557e-07,2.53534e-07
3.25,0.00456886,3.69315e-05,3.38046e-07,5.9158e-07
3.26667,0.00459379,3.56638e-05,8.45114e-08,2.53534e-07
3.28333,0.0046183,3.56638e-05,4.22557e-07,1.09865e-06
3.3,0.00464128,3.76076e-05,1.60572e-06,1.77474e-06
3.31667,0.00466334,3.81992e-05,2.1973e-06,2.78888e-06
3.33333,0.00468641,3.86217e-05,2.1973e-06,2.9579e-06
3.35,0.00471194,3.82837e-05,5.9158e-07,1.09865e-06
3.36667,0.00473509,3.76921e-05,8.45114e-08,5.07069e-07
3.38333,0.0047596,3.76921e-05,1.35218e-06,1.60572e-06
3.4,0.00478318,3.71005e-05,8.45114e-08,5.07069e-07
3.41667,0.00480659,3.79456e-05,5.9158e-07,4.22557e-07
3.43333,0.00483,3.85372e-05,2.53534e-07,2.53534e-07
3.45,0.00485392,3.76921e-05,7.60603e-07,1.01414e-06
3.46667,0.00487851,3.73541e-05,1.35218e-06,1.85925e-06
3.48333,0.00490175,3.74386e-05,1.18316e-06,1.94376e-06
3.5,0.00492668,3.82837e-05,6.76092e-07,9.29626e-07
3.51667,0.00495119,3.74386e-05,3.38046e-07,1.69023e-07
3.53333,0.00497434,3.86217e-05,3.38046e-07,5.07069e-07
3.55,0.0049986,3.87908e-05,3.38046e-07,8.45114e-08
3.56667,0.00502116,3.99739e-05,1.69023e-07,3.38046e-07
3.58333,0.00504466,4.03965e-05,1.09865e-06,1.18316e-06
3.6,0.00506959,3.94668e-05,6.76092e-07,1.18316e-06
3.61667,0.00509384,3.96359e-05,7.60603e-07,9.29626e-07
3.63333,0.00511683,3.98049e-05,3.38046e-07,5.9158e-07
3.65,0.00514109,4.09881e-05,9.29626e-07,1.26767e-06
3.66667,0.00516382,4.17487e-05,9.29626e-07,1.43669e-06
3.68333,0.00518833,4.21712e-05,5.9158e-07,1.18316e-06
3.7,0.0052125,4.20022e-05,1.26767e-06,1.35218e-06
3.71667,0.00523599,4.25093e-05,3.38046e-07,8.45114e-08
3.73333,0.00525991,4.19177e-05,4.22557e-07,8.45114e-08
3.75,0.00528374,4.23402e-05,8.45114e-08,3.38046e-07
3.76667,0.00530656,4.18332e-05,8.45114e-08,0
3.78333,0.00533217,4.18332e-05,7.60603e-07,5.9158e-07
3.8,0.00535481,4.15796e-05,2.53534e-07,0
3.81667,0.00537966,4.17487e-05,5.07069e-07,2.53534e-07
3.83333,0.00540214,4.15796e-05,5.9158e-07,2.53534e-07
3.85,0.00542606,4.18332e-05,8.45114e-08,3.38046e-07
3.86667,0.00545006,4.21712e-05,5.07069e-07,2.53534e-07
3.88333,0.00547389,4.23402e-05,7.60603e-07,8.45115e-07
3.9,0.00549823,4.21712e-05,5.07069e-07,3.38046e-07
3.91667,0.0055213,4.22557e-05,2.53534e-07,4.22557e-07
3.93333,0.00554513,4.26783e-05,2.53534e-07,5.07069e-07
3.95,0.00557015,4.14951e-05,1.69023e-07,2.53534e-07
3.96667,0.00559305,4.34389e-05,3.38046e-07,5.9158e-07
3.98333,0.00561765,4.25938e-05,8.45114e-08,4.22557e-07
4,0.00564114,4.30163e-05,1.69023e-07,8.45114e-08
4.01667,0.00566548,4.43685e-05,4.22557e-07,0
4.03333,0.0056899,4.38614e-05,4.22557e-07,4.22557e-07
4.05,0.00571399,4.36924e-05,5.9158e-07,5.07069e-07
4.06667,0.00573765,4.40305e-05,1.69023e-07,7.60603e-07
4.08333,0.00576022,4.57207e-05,9.29626e-07,1.18316e-06
4.1,0.00578422,4.53827e-05,8.45115e-07,1.43669e-06
4.11667,0.00580788,4.50446e-05,2.53534e-07,4.22557e-07
4.13333,0.00583264,4.34389e-05,1.35218e-06,1.52121e-06
4.15,0.00585724,4.48756e-05,1.77474e-06,2.02827e-06
4.16667,0.00588073,4.58052e-05,2.02827e-06,2.11279e-06
4.18333,0.00590389,4.53827e-05,2.11279e-06,2.02827e-06
4.2,0.0059278,4.50446e-05,8.45115e-07,1.09865e-06
4.21667,0.00595138,4.47911e-05,7.60603e-07,1.18316e-06
4.23333,0.00597538,4.65658e-05,1.09865e-06,1.69023e-06
4.25,0.00600074,4.52136e-05,2.53534e-07,4.22557e-07
4.26667,0.00602457,4.55517e-05,2.53534e-07,8.45114e-08
4.28333,0.00604916,4.58897e-05,1.69023e-07,8.45114e-08
4.3,0.00607291,4.64813e-05,6.76092e-07,6.76092e-07
4.31667,0.00609809,4.52981e-05,1.69023e-07,0
4.33333,0.00612201,4.61433e-05,7.60603e-07,5.9158e-07
4.35,0.006145,4.57207e-05,1.01414e-06,1.09865e-06
4.36667,0.00616942,4.63123e-05,1.26767e-06,8.45115e-07
4.38333,0.00619325,4.65658e-05,1.01414e-06,9.29626e-07
4.4,0.00621641,4.71574e-05,1.69023e-07,2.53534e-07
4.41667,0.00624033,4.7749e-05,8.45114e-08,8.45114e-08
4.43333,0.00626399,4.66503e-05,8.45114e-08,8.45114e-08
4.45,0.00628706,4.7918e-05,3.38046e-07,6.76092e-07
4.46667,0.00631208,4.7918e-05,4.22557e-07,2.53534e-07
4.48333,0.00633532,4.7749e-05,4.22557e-07,1.69023e-07
4.5,0.00636042,4.74109e-05,1.69023e-07,5.07069e-07
4.51667,0.00638391,4.7749e-05,1.69023e-07,4.22557e-07
4.53333,0.00640842,4.84251e-05,9.29626e-07,1.43669e-06
4.55,0.00643242,4.86786e-05,1.01414e-06,1.26767e-06
4.56667,0.00645701,5.00308e-05,8.45114e-08,5.07069e-07
4.58333,0.00648076,4.96927e-05,8.45114e-08,0
4.6,0.00650493,4.91012e-05,9.29626e-07,1.09865e-06
4.61667,0.00652834,5.01998e-05,1.18316e-06,6.76092e-07
4.63333,0.00655192,5.11294e-05,1.26767e-06,1.01414e-06
4.65,0.0065766,5.01153e-05,1.01414e-06,8.45115e-07
4.66667,0.00660034,5.07069e-05,1.52121e-06,1.35218e-06
4.68333,0.00662435,5.14675e-05,7.60603e-07,5.9158e-07
4.7,0.00664809,5.14675e-05,9.29626e-07,5.9158e-07
4.71667,0.00667243,5.12985e-05,2.53534e-07,3.38046e-07
4.73333,0.00669677,5.14675e-05,2.53534e-07,6.76092e-07
4.75,0.0067201,5.24816e-05,1.01414e-06,1.35218e-06
4.76667,0.0067441,5.18055e-05,1.77474e-06,1.85925e-06
4.78333,0.00676835,5.26506e-05,1.35218e-06,1.69023e-06
4.8,0.0067921,5.24816e-05,1.35218e-06,1.60572e-06
4.81667,0.00681644,5.29042e-05,1.09865e-06,1.18316e-06
4.83333,0.00684188,5.27351e-05,5.9158e-07,7.60603e-07
4.85,0.00686554,5.30732e-05,8.45114e-08,2.53534e-07
4.86667,0.00688963,5.23971e-05,8.45115e-07,1.01414e-06
4.88333,0.00691312,5.29042e-05,1.43669e-06,1.52121e-06
4.9,0.00693746,5.35803e-05,1.26767e-06,1.09865e-06
4.91667,0.00696087,5.48479e-05,2.53534e-07,7.60603e-07
4.93333,0.00698411,5.35803e-05,2.53534e-07,1.69023e-07
4.95,0.00700963,5.36648e-05,3.38046e-07,2.53534e-07
4.96667,0.00703321,5.46789e-05,1.69023e-07,8.45114e-08
4.98333,0.00705764,5.44254e-05,8.45114e-08,4.22557e-07
5,0.00708113,5.48479e-05,2.53534e-07,4.22557e-07
5.01667,0.00710479,5.5355e-05,4.22557e-07,8.45114e-08
5.03333,0.00712879,5.44254e-05,8.45114e-08,8.45114e-08
5.05,0.00715347,5.48479e-05,1.01414e-06,2.53534e-07
5.06667,0.00717798,5.44254e-05,2.53534e-07,1.69023e-07
5.08333,0.00720207,5.46789e-05,1.18316e-06,1.01414e-06
5.1,0.00722708,5.56085e-05,1.43669e-06,1.26767e-06
5.11667,0.00725066,5.62001e-05,5.07069e-07,2.53534e-07
5.13333,0.00727525,5.71297e-05,8.45114e-08,8.45115e-07
5.15,0.00729858,5.73833e-05,6.76092e-07,1.09865e-06
5.16667,0.00732266,5.63691e-05,8.45114e-08,5.07069e-07
5.18333,0.00734683,5.63691e-05,8.45114e-08,4.22557e-07
5.2,0.00737168,5.62846e-05,5.07069e-07,0
5.21667,0.00739433,5.58621e-05,1.01414e-06,8.45114e-08
5.23333,0.00741909,5.59466e-05,1.18316e-06,8.45115e-07
5.25,0.00744259,5.73833e-05,1.52121e-06,1.01414e-06
5.26667,0.00746532,5.85664e-05,4.22557e-07,2.53534e-07
5.28333,0.0074905,5.80594e-05,3.38046e-07,8.45115e-07
5.3,0.00751527,5.80594e-05,4.22557e-07,2.53534e-07
5.31667,0.00753867,5.86509e-05,1.18316e-06,6.76092e-07
5.33333,0.00756217,5.94961e-05,2.53534e-07,8.45114e-08
5.35,0.00758685,5.97496e-05,8.45115e-07,1.35218e-06
5.36667,0.00761135,6.10173e-05,5.07069e-07,5.9158e-07
5.38333,0.00763519,6.16934e-05,3.38046e-07,6.76092e-07
5.4,0.0076591,6.20314e-05,2.53534e-07,2.53534e-07
5.41667,0.0076842,6.11018e-05,9.29626e-07,1.18316e-06
5.43333,0.00770719,6.13553e-05,7.60603e-07,1.18316e-06
5.45,0.00773246,6.2454e-05,2.11279e-06,2.36632e-06
5.46667,0.00775587,6.15243e-05,1.69023e-07,5.07069e-07
5.48333,0.00777987,6.13553e-05,8.45114e-08,2.53534e-07
5.5,0.00780404,6.23695e-05,8.45114e-08,5.07069e-07
5.51667,0.00782796,6.2623e-05,1.18316e-06,1.60572e-06
5.53333,0.00785213,6.43132e-05,6.76092e-07,1.26767e-06
5.55,0.00787697,6.43977e-05,5.07069e-07,5.9158e-07
5.56667,0.0078992,6.47358e-05,1.69023e-07,9.29626e-07
5.58333,0.0079227,6.53274e-05,1.18316e-06,1.85925e-06
5.6,0.0079478,6.51583e-05,0,2.53534e-07
5.61667,0.00797154,6.55809e-05,3.38046e-07,8.45114e-08
5.63333,0.0079958,6.48203e-05,4.22557e-07,2.53534e-07
5.65,0.00801912,6.57499e-05,4.22557e-07,9.29626e-07
5.66667,0.0080427,6.69331e-05,3.38046e-07,0
5.68333,0.00806814,6.73556e-05,5.07069e-07,1.69023e-07
5.7,0.0080918,6.88768e-05,4.22557e-07,1.69023e-07
5.71667,0.00811563,6.92994e-05,1.01414e-06,1.01414e-06
5.73333,0.00813921,7.06516e-05,8.45115e-07,9.29626e-07
5.75,0.00816338,7.04826e-05,2.02827e-06,2.53534e-06
5.76667,0.00818671,7.0229e-05,1.52121e-06,1.60572e-06
5.78333,0.00821147,7.05671e-05,8.45114e-08,3.38046e-07
5.8,0.00823573,7.13277e-05,0,3.38046e-07
5.81667,0.00825939,7.22573e-05,2.53534e-07,1.69023e-07
5.83333,0.00828314,7.21728e-05,7.60603e-07,1.09865e-06
5.85,0.00830688,7.39475e-05,2.53534e-07,4.22557e-07
5.86667,0.00832962,7.44546e-05,1.69023e-07,3.38046e-07
5.88333,0.00835438,7.50462e-05,2.53534e-07,0
5.9,0.0083783,7.55532e-05,1.01414e-06,7.60603e-07
5.91667,0.00840264,7.69054e-05,1.01414e-06,1.09865e-06
5.93333,0.00842588,7.80041e-05,5.9158e-07,3.38046e-07
5.95,0.00844895,7.92717e-05,1.01414e-06,5.07069e-07
5.96667,0.00847244,8.08775e-05,9.29626e-07,6.76092e-07
5.98333,0.00849627,8.34128e-05,8.45114e-08,1.69023e-07
6,0.00851926,8.40889e-05,8.45114e-08,3.38046e-07
6.01667,0.00854326,8.52721e-05,7.60603e-07,6.76092e-07
6.03333,0.00856566,8.56946e-05,2.53534e-07,2.53534e-07
6.05,0.00858797,8.83145e-05,3.38046e-07,1.69023e-07
6.06667,0.00860986,9.04273e-05,4.22557e-07,4.22557e-07
6.08333,0.00863318,9.26245e-05,4.22557e-07,9.29626e-07
6.1,0.00865659,9.38922e-05,5.07069e-07,2.53534e-07
6.11667,0.00867865,9.5836e-05,6.76092e-07,8.45115e-07
6.13333,0.00870105,9.82023e-05,1.60572e-06,2.02827e-06
6.15,0.00872353,9.86249e-05,2.28181e-06,3.21144e-06
6.16667,0.00874592,0.000100653,1.69023e-07,8.45115e-07
6.18333,0.00876789,0.000105132,0,6.76092e-07
6.2,0.00879012,0.000106569,0,6.76092e-07
6.21667,0.00881285,0.000110287,5.07069e-07,4.22557e-07
6.23333,0.00883466,0.000113583,1.18316e-06,1.69023e-07
6.25,0.00885621,0.000117302,8.45115e-07,0
6.26667,0.00887666,0.000121781,1.09865e-06,8.45114e-08
6.28333,0.00889686,0.000126936,8.45115e-07,8.45114e-08
6.3,0.00891748,0.000130993,8.45114e-08,1.18316e-06
6.31667,0.00893802,0.000136655,1.69023e-07,6.76092e-07
6.33333,0.00895619,0.000140543,2.53534e-07,1.60572e-06
6.35,0.00897478,0.000147472,0,1.18316e-06
6.36667,0.00899413,0.000153473,1.09865e-06,1.69023e-07
6.38333,0.00901289,0.000160656,6.76092e-07,4.22557e-07
6.4,0.00903005,0.000168938,1.60572e-06,4.22557e-07
6.41667,0.00904611,0.000178404,1.69023e-06,4.22557e-07
6.43333,0.00906047,0.000189982,2.11279e-06,5.07069e-07
6.45,0.00907281,0.000202912,1.94376e-06,1.69023e-07
6.46667,0.00908439,0.000216687,1.52121e-06,4.22557e-07
6.48333,0.00909419,0.000233505,1.60572e-06,4.22557e-07
6.5,0.00910256,0.000253281,1.35218e-06,1.43669e-06
6.51667,0.00910805,0.000275338,1.94376e-06,1.77474e-06
6.53333,0.00911067,0.000301283,2.70437e-06,1.52121e-06
6.55,0.00910788,0.000332553,2.78888e-06,2.61985e-06
6.56667,0.00910028,0.000370836,3.97204e-06,2.02827e-06
6.58333,0.00908515,0.000418501,6.16934e-06,1.35218e-06
6.6,0.00906318,0.000476222,8.19761e-06,1.52121e-06
6.61667,0.00902963,0.00054831,1.19161e-05,1.69023e-07
6.63333,0.00898002,0.000642287,1.52966e-05,9.29626e-07
6.65,0.00890903,0.000765082,2.01982e-05,9.29626e-07
6.66667,0.00880694,0.000932499,2.78888e-05,1.01414e-06
6.68333,0.00866242,0.00111597,3.91288e-05,8.45115e-07
6.7,0.00849805,0.00125094,2.70437e-05,1.60572e-06
6.71667,0.00838506,0.00135345,1.97757e-05,1.69023e-06
6.73333,0.00830579,0.00143298,1.51275e-05,7.60603e-07
6.75,0.00825043,0.00149298,1.17471e-05,9.29626e-07
6.76667,0.00821367,0.00154309,9.54979e-06,1.69023e-07
6.78333,0.0081884,0.001584,7.09896e-06,9.29626e-07
6.8,0.00817319,0.00161806,5.40873e-06,1.09865e-06
6.81667,0.00816457,0.00164544,4.31008e-06,1.18316e-06
6.83333,0.00816059,0.00166859,3.54948e-06,1.35218e-06
6.85,0.00816169,0.00168938,3.38046e-06,5.07069e-07
6.86667,0.00816507,0.0017062,3.46497e-06,3.38046e-07
6.88333,0.00817243,0.00172099,1.94376e-06,1.35218e-06
6.9,0.00818223,0.00173384,1.43669e-06,9.29626e-07
6.91667,0.00819398,0.0017455,1.60572e-06,3.38046e-07
6.93333,0.00820716,0.00175589,1.18316e-06,7.60603e-07
6.95,0.00822085,0.00176502,1.09865e-06,5.9158e-07
6.96667,0.00823708,0.00177195,1.09865e-06,5.9158e-07
6.98333,0.00825525,0.00177964,1.01414e-06,1.18316e-06
7,0.00827164,0.00178674,5.9158e-07,6.76092e-07
7.01667,0.00828981,0.00179308,1.69023e-07,9.29626e-07
7.03333,0.00830841,0.00179866,5.07069e-07,1.77474e-06
7.05,0.00832759,0.00180322,2.53534e-07,1.43669e-06
7.06667,0.00834813,0.00180694,8.45115e-07,2.02827e-06
7.08333,0.00836985,0.0018088,5.9158e-07,1.69023e-06
7.1,0.0083908,0.0018126,2.87339e-06,3.80302e-06
7.11667,0.00841092,0.00181488,2.11279e-06,2.61985e-06
7.13333,0.00843281,0.00181877,1.35218e-06,1.94376e-06
7.15,0.00845317,0.0018219,2.1973e-06,3.04241e-06
7.16667,0.00847548,0.00182359,9.29626e-07,1.77474e-06
7.18333,0.0084978,0.0018257,1.09865e-06,1.43669e-06
7.2,0.0085207,0.00182976,2.36632e-06,3.12692e-06
7.21667,0.00854216,0.00183069,1.35218e-06,2.02827e-06
7.23333,0.0085654,0.00183229,7.60603e-07,1.52121e-06
7.25,0.00858822,0.00183466,8.45114e-08,6.76092e-07
7.26667,0.00861146,0.0018361,0,1.01414e-06
7.28333,0.00863513,0.0018377,4.22557e-07,1.60572e-06
7.3,0.00865769,0.00183888,1.60572e-06,2.45083e-06
7.31667,0.00868026,0.00184125,1.94376e-06,2.78888e-06
7.33333,0.00870299,0.00184243,2.28181e-06,2.36632e-06
7.35,0.00872716,0.00184218,1.77474e-06,2.53534e-06
7.36667,0.00875082,0.00184277,9.29626e-07,1.60572e-06
7.38333,0.00877356,0.00184472,5.07069e-07,9.29626e-07
7.4,0.00879764,0.00184598,2.53534e-07,6.76092e-07
7.41667,0.00882004,0.00184658,8.45114e-08,5.9158e-07
7.43333,0.00884421,0.00184717,5.9158e-07,8.45115e-07
7.45,0.00886897,0.00184784,0,1.69023e-07
7.46667,0.00889204,0.00184894,7.60603e-07,1.01414e-06
7.48333,0.00891613,0.00185021,1.52121e-06,2.1973e-06
7.5,0.00893937,0.0018508,5.07069e-07,8.45115e-07
7.51667,0.00896337,0.00185224,1.35218e-06,1.26767e-06
7.53333,0.00898754,0.001853,1.52121e-06,1.35218e-06
7.55,0.00901146,0.0018541,1.18316e-06,1.43669e-06
7.56667,0.0090363,0.00185494,1.35218e-06,1.69023e-06
7.58333,0.00905895,0.00185435,8.45115e-07,5.9158e-07
7.6,0.00908278,0.00185477,1.85925e-06,1.69023e-06
7.61667,0.00910856,0.00185705,1.09865e-06,1.43669e-06
7.63333,0.00913214,0.00185655,1.01414e-06,1.52121e-06
7.65,0.00915614,0.00185748,1.35218e-06,1.77474e-06
7.66667,0.00917938,0.00185883,2.53534e-06,2.61985e-06
7.68333,0.00920211,0.00186001,2.02827e-06,2.45083e-06
7.7,0.00922502,0.00186077,2.28181e-06,2.1973e-06
7.71667,0.00924919,0.0018612,1.94376e-06,2.1973e-06
7.73333,0.00927395,0.00186103,2.1973e-06,2.61985e-06
7.75,0.00929896,0.00186221,2.02827e-06,2.28181e-06
7.76667,0.00932204,0.00186314,1.60572e-06,1.85925e-06
7.78333,0.00934646,0.00186415,1.77474e-06,1.77474e-06
7.8,0.00937097,0.00186348,1.60572e-06,1.94376e-06
7.81667,0.00939548,0.00186356,1.60572e-06,1.52121e-06
7.83333,0.00941931,0.00186415,1.43669e-06,1.85925e-06
7.85,0.00944306,0.00186584,1.26767e-06,1.69023e-06
7.86667,0.00946664,0.00186644,6.76092e-07,1.01414e-06
7.88333,0.0094903,0.00186804,1.43669e-06,1.77474e-06
7.9,0.00951405,0.00186779,1.43669e-06,1.26767e-06
7.91667,0.00953779,0.00186804,6.76092e-07,5.07069e-07
7.93333,0.0095623,0.00186846,1.35218e-06,1.18316e-06
7.95,0.00958656,0.00186922,2.11279e-06,2.53534e-06
7.96667,0.00961056,0.00187075,1.77474e-06,2.1973e-06
7.98333,0.00963338,0.00187151,1.43669e-06,2.1973e-06
8,0.00965755,0.00187218,2.53534e-06,2.70437e-06
8.01667,0.0096818,0.00187244,2.1973e-06,2.78888e-06
8.03333,0.0097069,0.00187159,1.94376e-06,2.45083e-06
8.05,0.00973048,0.00187413,2.1973e-06,2.45083e-06
8.06667,0.00975457,0.00187506,5.9158e-07,1.09865e-06
8.08333,0.00977772,0.00187573,1.77474e-06,1.94376e-06
8.1,0.00980147,0.00187641,2.9579e-06,2.9579e-06
8.11667,0.00982606,0.00187649,4.05655e-06,4.56362e-06
8.13333,0.00984973,0.00187818,3.38046e-06,3.63399e-06
8.15,0.00987271,0.00187953,3.04241e-06,3.38046e-06
8.16667,0.00989688,0.00187852,1.43669e-06,1.77474e-06
8.18333,0.00992038,0.00187953,1.52121e-06,2.1973e-06
8.2,0.00994294,0.00188021,1.09865e-06,1.35218e-06
8.21667,0.0099672,0.00187987,5.07069e-07,1.26767e-06
8.23333,0.00999069,0.00188106,1.09865e-06,1.52121e-06
8.25,0.0100149,0.00188376,8.45114e-08,5.9158e-07
8.26667,0.0100385,0.00188553,5.9158e-07,1.09865e-06
8.28333,0.0100615,0.00188723,1.85925e-06,2.02827e-06
8.3,0.010086,0.00188934,1.94376e-06,2.36632e-06
8.31667,0.0101093,0.00188951,1.94376e-06,2.36632e-06
8.33333,0.0101329,0.00189035,2.87339e-06,3.46497e-06
8.35,0.0101573,0.00189069,2.02827e-06,2.53534e-06
8.36667,0.0101813,0.00189221,1.77474e-06,2.11279e-06
8.38333,0.0102037,0.00189331,1.43669e-06,2.02827e-06
8.4,0.0102266,0.0018939,1.01414e-06,1.69023e-06
8.41667,0.0102495,0.00189517,1.26767e-06,1.85925e-06
8.43333,0.0102729,0.00189618,1.43669e-06,2.1973e-06
8.45,0.0102968,0.00189669,9.29626e-07,1.94376e-06
8.46667,0.0103202,0.00189897,1.52121e-06,2.02827e-06
8.48333,0.0103434,0.00189914,1.77474e-06,2.28181e-06
8.5,0.0103678,0.00189872,2.11279e-06,2.9579e-06
8.51667,0.0103921,0.00190083,1.26767e-06,2.36632e-06
8.53333,0.0104156,0.00190311,1.26767e-06,2.28181e-06
8.55,0.0104378,0.00190413,7.60603e-07,1.77474e-06
8.56667,0.0104598,0.00190463,1.69023e-06,2.45083e-06
8.58333,0.0104845,0.00190666,2.87339e-06,3.54948e-06
8.6,0.0105074,0.00190793,2.70437e-06,3.21144e-06
8.61667,0.0105306,0.0019092,1.52121e-06,1.85925e-06
8.63333,0.0105529,0.00190962,2.28181e-06,2.36632e-06
8.65,0.0105767,0.0019108,1.52121e-06,1.94376e-06
8.66667,0.0106004,0.00191266,1.09865e-06,1.77474e-06
8.68333,0.0106242,0.00191402,1.94376e-06,2.53534e-06
8.7,0.0106485,0.00191444,6.76092e-07,1.09865e-06
8.71667,0.0106719,0.00191697,6.76092e-07,1.69023e-06
8.73333,0.0106944,0.00191849,1.52121e-06,1.85925e-06
8.75,0.010718,0.00191959,5.07069e-07,9.29626e-07
8.76667,0.010742,0.00192035,9.29626e-07,1.60572e-06
8.78333,0.0107654,0.0019234,2.53534e-07,1.01414e-06
8.8,0.0107894,0.00192416,5.07069e-07,5.07069e-07
8.81667,0.0108125,0.00192466,4.22557e-07,9.29626e-07
8.83333,0.0108358,0.0019283,1.77474e-06,2.28181e-06
8.85,0.0108583,0.00192796,2.78888e-06,3.12692e-06
8.86667,0.0108811,0.00193033,3.21144e-06,3.63399e-06
8.88333,0.0109049,0.00193193,1.43669e-06,2.02827e-06
8.9,0.0109272,0.00193438,4.22557e-07,9.29626e-07
8.91667,0.0109509,0.00193582,6.76092e-07,1.01414e-06
8.93333,0.0109737,0.00193734,1.01414e-06,1.60572e-06
8.95,0.0109976,0.00193903,3.38046e-07,7.60603e-07
8.96667,0.0110188,0.00194047,8.45114e-08,5.9158e-07
8.98333,0.0110426,0.00194038,2.53534e-07,8.45114e-08
9,0.0110669,0.00194309,6.76092e-07,1.69023e-07
9.01667,0.0110898,0.00194579,1.01414e-06,4.22557e-07
9.03333,0.0111123,0.00194723,1.69023e-07,5.07069e-07
9.05,0.0111354,0.00194968,4.22557e-07,8.45115e-07
9.06667,0.0111574,0.00195188,8.45115e-07,1.69023e-06
9.08333,0.0111811,0.00195458,1.60572e-06,1.94376e-06
9.1,0.0112042,0.00195602,2.28181e-06,2.87339e-06
9.11667,0.0112274,0.00195712,8.45115e-07,1.26767e-06
9.13333,0.0112493,0.00195788,8.45115e-07,1.43669e-06
9.15,0.011273,0.00195965,1.94376e-06,2.28181e-06
9.16667,0.0112958,0.00196185,2.28181e-06,2.87339e-06
9.18333,0.0113195,0.00196337,2.1973e-06,1.94376e-06
9.2,0.0113434,0.00196464,1.43669e-06,2.11279e-06
9.21667,0.011366,0.00196633,5.9158e-07,6.76092e-07
9.23333,0.0113887,0.00196844,5.07069e-07,1.69023e-07
9.25,0.0114112,0.00197106,5.07069e-07,0
9.26667,0.0114339,0.00197326,0,6.76092e-07
9.28333,0.0114571,0.00197461,2.53534e-07,5.9158e-07
9.3,0.0114799,0.00197672,2.53534e-07,8.45114e-08
9.31667,0.0115018,0.00197917,8.45114e-08,1.69023e-07
9.33333,0.0115258,0.00197934,1.69023e-07,9.29626e-07
9.35,0.0115494,0.00198213,8.45114e-08,3.38046e-07
9.36667,0.0115718,0.00198399,8.45114e-08,5.07069e-07
9.38333,0.0115944,0.00198636,1.69023e-07,3.38046e-07
9.4,0.011618,0.00198754,5.07069e-07,8.45114e-08
9.41667,0.0116403,0.00198982,5.9158e-07,9.29626e-07
9.43333,0.0116629,0.00199244,3.38046e-07,8.45114e-08
9.45,0.0116851,0.00199498,4.22557e-07,2.53534e-07
9.46667,0.0117083,0.00199675,5.07069e-07,5.9158e-07
9.48333,0.0117316,0.00199954,5.07069e-07,8.45114e-08
9.5,0.011755,0.00199886,1.69023e-06,8.45115e-07
9.51667,0.011779,0.00200047,1.85925e-06,1.26767e-06
9.53333,0.0118013,0.00200343,1.60572e-06,8.45115e-07
9.55,0.0118242,0.00200622,1.77474e-06,1.09865e-06
9.56667,0.0118475,0.00200782,1.35218e-06,8.45115e-07
9.58333,0.0118705,0.00200926,1.69023e-06,8.45115e-07
9.6,0.011893,0.00201196,9.29626e-07,3.38046e-07
9.61667,0.0119162,0.00201518,5.07069e-07,1.69023e-07
9.63333,0.0119395,0.0020172,4.22557e-07,3.38046e-07
9.65,0.0119626,0.00201999,7.60603e-07,1.69023e-07
9.66667,0.0119851,0.00202126,8.45114e-08,2.53534e-07
9.68333,0.0120066,0.00202396,2.53534e-07,5.07069e-07
9.7,0.0120286,0.00202633,6.76092e-07,5.9158e-07
9.71667,0.0120526,0.00202929,8.45114e-08,1.69023e-07
9.73333,0.0120759,0.0020314,3.38046e-07,3.38046e-07
9.75,0.0120978,0.00203258,2.53534e-07,1.69023e-07
9.76667,0.0121222,0.00203554,8.45115e-07,5.9158e-07
9.78333,0.0121446,0.00203816,2.53534e-07,8.45114e-08
9.8,0.0121664,0.00204087,5.07069e-07,7.60603e-07
9.81667,0.0121889,0.00204273,1.26767e-06,1.69023e-06
9.83333,0.0122126,0.00204594,8.45115e-07,1.18316e-06
9.85,0.0122365,0.00204797,2.53534e-07,8.45114e-08
9.86667,0.012259,0.00205059,7.60603e-07,8.45115e-07
9.88333,0.0122812,0.00205261,1.43669e-06,1.52121e-06
9.9,0.0123044,0.00205481,2.11279e-06,2.61985e-06
9.91667,0.0123277,0.00205853,1.60572e-06,1.77474e-06
9.93333,0.0123492,0.00205954,1.09865e-06,1.09865e-06
9.95,0.0123717,0.00206174,7.60603e-07,1.01414e-06
9.96667,0.0123943,0.00206538,1.26767e-06,9.29626e-07
9.98333,0.0124167,0.00206833,4.22557e-07,1.09865e-06
10,0.0124406,0.00207095,6.76092e-07,6.76092e-07
10.0167,0.0124648,0.00207239,7.60603e-07,7.60603e-07
10.0333,0.0124863,0.00207543,7.60603e-07,4.22557e-07
10.05,0.0125086,0.00207881,1.26767e-06,1.18316e-06
10.0667,0.0125314,0.00208,2.1973e-06,2.28181e-06
10.0833,0.0125543,0.00208312,2.45083e-06,2.78888e-06
10.1,0.0125776,0.00208642,1.43669e-06,1.18316e-06
10.1167,0.0126003,0.00208887,1.77474e-06,1.60572e-06
10.1333,0.0126239,0.00209098,2.61985e-06,2.36632e-06
10.15,0.0126474,0.00209318,2.45083e-06,2.28181e-06
10.1667,0.0126695,0.00209614,2.53534e-06,2.1973e-06
10.1833,0.0126919,0.00209918,2.28181e-06,2.28181e-06
10.2,0.0127151,0.00210172,1.85925e-06,1.69023e-06
10.2167,0.0127383,0.00210467,2.02827e-06,1.94376e-06
10.2333,0.0127605,0.00210755,2.28181e-06,1.94376e-06
10.25,0.0127826,0.00210915,2.9579e-06,2.87339e-06
10.2667,0.0128058,0.00211287,2.02827e-06,2.28181e-06
10.2833,0.0128286,0.00211566,1.18316e-06,1.01414e-06
10.3,0.0128513,0.00211853,2.36632e-06,2.1973e-06
10.3167,0.0128746,0.00212048,2.1973e-06,2.28181e-06
10.3333,0.0128982,0.00212301,1.35218e-06,1.43669e-06
10.35,0.0129205,0.00212546,1.01414e-06,1.18316e-06
10.3667,0.0129436,0.0021291,1.01414e-06,1.18316e-06
10.3833,0.0129659,0.00213045,1.35218e-06,1.35218e-06
10.4,0.0129888,0.00213383,1.09865e-06,7.60603e-07
10.4167,0.0130121,0.0021367,1.01414e-06,5.07069e-07
10.4333,0.0130346,0.00213932,1.52121e-06,1.52121e-06
10.45,0.0130579,0.00214237,1.52121e-06,1.35218e-06
10.4667,0.0130813,0.00214541,1.85925e-06,1.85925e-06
10.4833,0.0131029,0.00214828,1.69023e-06,1.69023e-06
10.5,0.0131261,0.00215065,2.36632e-06,2.28181e-06
10.5167,0.0131489,0.00215394,1.69023e-06,1.35218e-06
10.5333,0.0131719,0.00215665,5.9158e-07,8.45115e-07
10.55,0.0131954,0.00215901,3.38046e-07,5.9158e-07
10.5667,0.0132179,0.00216206,6.76092e-07,8.45115e-07
10.5833,0.0132421,0.00216603,6.76092e-07,4.22557e-07
10.6,0.0132649,0.00216924,8.45115e-07,1.01414e-06
10.6167,0.0132872,0.0021722,4.22557e-07,1.69023e-07
10.6333,0.0133103,0.0021744,7.60603e-07,1.01414e-06
10.65,0.0133334,0.00217904,9.29626e-07,1.09865e-06
10.6667,0.0133564,0.002182,1.26767e-06,1.43669e-06
10.6833,0.0133792,0.00218555,8.45115e-07,5.07069e-07
10.7,0.0134025,0.00218817,5.9158e-07,1.26767e-06
10.7167,0.0134247,0.00219155,1.52121e-06,1.85925e-06
10.7333,0.0134494,0.00219502,7.60603e-07,8.45115e-07
10.75,0.0134721,0.00219747,1.35218e-06,1.85925e-06
10.7667,0.013495,0.00220186,1.26767e-06,1.43669e-06
10.7833,0.0135179,0.00220609,1.09865e-06,1.26767e-06
10.8,0.0135415,0.00220803,2.36632e-06,2.36632e-06
10.8167,0.013565,0.00221116,2.36632e-06,2.87339e-06
10.8333,0.0135887,0.00221479,2.11279e-06,2.53534e-06
10.85,0.0136104,0.00221783,1.35218e-06,1.52121e-06
10.8667,0.0136326,0.00222096,2.11279e-06,2.1973e-06
10.8833,0.0136551,0.00222417,1.52121e-06,2.11279e-06
10.9,0.0136784,0.00222798,1.26767e-06,1.43669e-06
10.9167,0.0137008,0.00223152,1.26767e-06,1.52121e-06
10.9333,0.0137235,0.00223414,1.18316e-06,1.77474e-06
10.95,0.0137459,0.00223845,1.69023e-06,2.28181e-06
10.9667,0.0137685,0.00224268,9.29626e-07,1.52121e-06
10.9833,0.0137924,0.00224479,5.07069e-07,9.29626e-07
11,0.0138154,0.00224978,2.53534e-07,6.76092e-07
11.0167,0.0138388,0.00225384,2.53534e-07,4.22557e-07
11.0333,0.0138626,0.00225713,7.60603e-07,6.76092e-07
11.05,0.0138861,0.00226093,3.38046e-07,1.69023e-07
11.0667,0.0139087,0.00226558,2.28181e-06,2.53534e-06
11.0833,0.013932,0.00226964,1.18316e-06,1.60572e-06
11.1,0.0139552,0.00227403,1.35218e-06,1.60572e-06
11.1167,0.0139786,0.00227758,1.52121e-06,2.02827e-06
11.1333,0.0140013,0.00228113,1.18316e-06,2.02827e-06
11.15,0.0140251,0.00228375,2.45083e-06,2.70437e-06
11.1667,0.0140477,0.00228849,2.02827e-06,2.1973e-06
11.1833,0.0140719,0.00229305,1.69023e-06,1.85925e-06
11.2,0.0140953,0.00229609,2.53534e-06,2.11279e-06
11.2167,0.0141179,0.00230015,1.26767e-06,1.94376e-06
11.2333,0.0141412,0.00230395,2.1973e-06,2.45083e-06
11.25,0.014165,0.00230792,2.02827e-06,1.77474e-06
11.2667,0.0141879,0.00231282,1.09865e-06,1.26767e-06
11.2833,0.014212,0.0023168,1.43669e-06,1.52121e-06
11.3,0.0142338,0.00232187,3.38046e-07,5.9158e-07
11.3167,0.0142562,0.00232668,1.69023e-07,6.76092e-07
11.3333,0.0142797,0.00233049,1.77474e-06,1.60572e-06
11.35,0.014303,0.00233615,2.11279e-06,2.02827e-06
11.3667,0.014326,0.0023386,2.02827e-06,2.28181e-06
11.3833,0.0143506,0.00234283,2.28181e-06,2.1973e-06
11.4,0.0143743,0.0023484,1.77474e-06,2.02827e-06
11.4167,0.0143965,0.00235204,2.36632e-06,2.70437e-06
11.4333,0.0144209,0.00235686,2.9579e-06,2.45083e-06
11.45,0.0144445,0.002361,1.69023e-06,1.85925e-06
11.4667,0.0144672,0.00236522,2.11279e-06,2.28181e-06
11.4833,0.0144906,0.00237021,1.77474e-06,1.69023e-06
11.5,0.0145132,0.00237384,1.52121e-06,2.02827e-06
11.5167,0.0145372,0.00237925,1.69023e-06,1.77474e-06
11.5333,0.0145602,0.00238348,1.01414e-06,9.29626e-07
11.55,0.014583,0.00238779,2.53534e-07,6.76092e-07
11.5667,0.0146071,0.00239336,8.45114e-08,1.69023e-07
11.5833,0.0146309,0.00239869,1.26767e-06,1.35218e-06
11.6,0.014654,0.00240351,1.35218e-06,1.26767e-06
11.6167,0.0146788,0.00240765,2.53534e-07,2.53534e-07
11.6333,0.0147005,0.00241196,1.09865e-06,1.09865e-06
11.65,0.0147247,0.00241787,1.52121e-06,1.18316e-06
11.6667,0.0147486,0.00242286,1.77474e-06,1.69023e-06
11.6833,0.0147723,0.00242776,2.78888e-06,2.70437e-06
11.7,0.0147958,0.00243097,3.04241e-06,3.04241e-06
11.7167,0.0148191,0.00243663,1.52121e-06,8.45115e-07
11.7333,0.0148426,0.00244204,1.09865e-06,1.09865e-06
11.75,0.0148664,0.00244754,5.07069e-07,3.38046e-07
11.7667,0.0148891,0.00245278,9.29626e-07,7.60603e-07
11.7833,0.0149145,0.00245895,1.18316e-06,1.01414e-06
11.8,0.0149383,0.0024652,2.45083e-06,2.02827e-06
11.8167,0.014961,0.00247103,2.1973e-06,2.28181e-06
11.8333,0.014984,0.00247559,2.87339e-06,2.87339e-06
11.85,0.0150092,0.00248168,2.87339e-06,3.29595e-06
11.8667,0.0150329,0.00248633,1.94376e-06,2.11279e-06
11.8833,0.0150551,0.00249275,1.85925e-06,2.02827e-06
11.9,0.0150782,0.0024974,2.02827e-06,1.52121e-06
11.9167,0.0151012,0.00250374,9.29626e-07,9.29626e-07
11.9333,0.0151263,0.00251058,6.76092e-07,3.38046e-07
11.95,0.0151505,0.00251506,9.29626e-07,1.01414e-06
11.9667,0.0151744,0.0025214,2.02827e-06,1.77474e-06
11.9833,0.0151983,0.00252757,2.02827e-06,2.1973e-06
12,0.0152236,0.00253332,7.60603e-07,5.9158e-07
12.0167,0.015247,0.00253906,1.26767e-06,1.35218e-06
12.0333,0.0152724,0.00254515,1.09865e-06,8.45115e-07
12.05,0.015297,0.00255072,6.76092e-07,0
12.0667,0.0153198,0.00255749,3.38046e-07,2.53534e-07
12.0833,0.0153425,0.00256315,5.07069e-07,2.53534e-07
12.1,0.0153667,0.00256957,5.9158e-07,0
12.1167,0.0153907,0.0025765,8.45114e-08,2.53534e-07
12.1333,0.015414,0.00258428,1.69023e-07,1.01414e-06
12.15,0.0154388,0.00259002,4.22557e-07,3.38046e-07
12.1667,0.0154632,0.00259552,1.09865e-06,8.45114e-08
12.1833,0.0154882,0.00260321,1.01414e-06,5.9158e-07
12.2,0.0155121,0.00260971,1.18316e-06,5.9158e-07
12.2167,0.0155362,0.00261774,1.60572e-06,1.01414e-06
12.2333,0.0155599,0.00262433,4.22557e-07,2.53534e-07
12.25,0.0155849,0.00263076,2.53534e-07,7.60603e-07
12.2667,0.0156092,0.00263836,0,5.07069e-07
12.2833,0.015634,0.00264521,5.9158e-07,1.69023e-07
12.3,0.0156581,0.0026529,6.76092e-07,2.53534e-07
12.3167,0.0156841,0.00265983,1.01414e-06,8.45114e-08
12.3333,0.0157084,0.00266634,6.76092e-07,8.45114e-08
12.35,0.0157317,0.0026736,2.53534e-07,6.76092e-07
12.3667,0.0157561,0.00268341,8.45114e-08,7.60603e-07
12.3833,0.0157802,0.00269101,1.09865e-06,2.1973e-06
12.4,0.0158061,0.00269913,1.18316e-06,2.02827e-06
12.4167,0.0158304,0.00270682,2.87339e-06,3.46497e-06
12.4333,0.0158543,0.00271476,1.69023e-06,2.28181e-06
12.45,0.0158772,0.00272287,1.09865e-06,1.85925e-06
12.4667,0.0159024,0.00273048,5.07069e-07,9.29626e-07
12.4833,0.0159267,0.00273944,1.69023e-07,1.35218e-06
12.5,0.0159524,0.00274747,1.43669e-06,2.28181e-06
12.5167,0.0159766,0.00275634,1.01414e-06,2.36632e-06
12.5333,0.0160006,0.00276547,1.69023e-06,2.36632e-06
12.55,0.016026,0.00277274,1.85925e-06,3.46497e-06
12.5667,0.0160509,0.00278136,1.94376e-06,2.78888e-06
12.5833,0.0160758,0.00278913,3.38046e-07,1.69023e-06
12.6,0.0161014,0.00279885,8.45114e-08,6.76092e-07
12.6167,0.0161261,0.00280722,9.29626e-07,1.94376e-06
12.6333,0.0161511,0.00281668,1.01414e-06,1.69023e-07
12.65,0.0161757,0.00282708,8.45114e-08,4.22557e-07
12.6667,0.0162007,0.00283587,0,9.29626e-07
12.6833,0.016227,0.00284491,5.07069e-07,1.43669e-06
12.7,0.0162529,0.00285522,4.22557e-07,3.38046e-07
12.7167,0.016278,0.00286426,1.01414e-06,3.38046e-07
12.7333,0.0163031,0.00287407,3.38046e-07,1.18316e-06
12.75,0.0163287,0.00288362,1.01414e-06,1.52121e-06
12.7667,0.0163536,0.00289291,5.9158e-07,1.35218e-06
12.7833,0.0163812,0.00290322,3.38046e-07,1.09865e-06
12.8,0.0164065,0.00291345,3.38046e-07,1.43669e-06
12.8167,0.0164297,0.00292317,4.22557e-07,1.52121e-06
12.8333,0.0164568,0.0029339,2.53534e-07,1.01414e-06
12.85,0.0164813,0.00294438,9.29626e-07,1.69023e-06
12.8667,0.0165075,0.00295537,8.45115e-07,3.38046e-07
12.8833,0.0165341,0.00296677,1.69023e-06,3.38046e-07
12.9,0.0165601,0.00297708,1.01414e-06,2.53534e-07
12.9167,0.0165855,0.00298621,3.38046e-07,9.29626e-07
12.9333,0.0166117,0.00299779,3.38046e-07,1.77474e-06
12.95,0.0166373,0.00300937,1.35218e-06,4.22557e-07
12.9667,0.0166644,0.00302145,1.69023e-07,9.29626e-07
12.9833,0.0166911,0.0030321,3.38046e-07,6.76092e-07
13,0.0167163,0.00304469,1.60572e-06,8.45114e-08
13.0167,0.016742,0.00305779,1.52121e-06,8.45114e-08
13.0333,0.0167683,0.00306946,1.35218e-06,5.07069e-07
13.05,0.016795,0.00308154,1.01414e-06,1.01414e-06
13.0667,0.0168215,0.00309303,3.38046e-07,1.01414e-06
13.0833,0.0168491,0.00310605,8.45114e-08,1.69023e-06
13.1,0.0168761,0.00311873,1.09865e-06,1.69023e-07
13.1167,0.0169025,0.0031314,5.07069e-07,1.26767e-06
13.1333,0.0169291,0.00314585,1.09865e-06,4.22557e-07
13.15,0.0169552,0.00315802,1.35218e-06,5.07069e-07
13.1667,0.0169833,0.00317036,5.07069e-07,1.01414e-06
13.1833,0.0170098,0.00318355,4.22557e-07,1.01414e-06
13.2,0.0170369,0.00319817,1.35218e-06,2.53534e-07
13.2167,0.017064,0.00321262,6.76092e-07,1.01414e-06
13.2333,0.0170921,0.00322724,1.18316e-06,6.76092e-07
13.25,0.01712,0.00324169,0,1.52121e-06
13.2667,0.0171458,0.00325682,8.45114e-08,2.1973e-06
13.2833,0.0171751,0.00327034,4.22557e-07,1.60572e-06
13.3,0.0172034,0.00328488,5.07069e-07,9.29626e-07
13.3167,0.01723,0.00330119,5.9158e-07,1.35218e-06
13.3333,0.0172582,0.0033164,7.60603e-07,9.29626e-07
13.35,0.0172868,0.00333161,3.38046e-07,2.02827e-06
13.3667,0.0173147,0.00334665,2.53534e-07,1.94376e-06
13.3833,0.0173434,0.00336305,1.01414e-06,2.53534e-06
13.4,0.0173729,0.00338004,1.43669e-06,2.78888e-06
13.4167,0.0174014,0.00339584,1.43669e-06,2.9579e-06
13.4333,0.0174296,0.00341147,4.22557e-07,2.36632e-06
13.45,0.0174592,0.00342922,3.38046e-07,2.28181e-06
13.4667,0.017488,0.00344621,8.45114e-08,2.02827e-06
13.4833,0.017518,0.00346311,8.45114e-08,2.11279e-06
13.5,0.0175462,0.00347891,7.60603e-07,1.09865e-06
13.5167,0.017576,0.00349607,1.09865e-06,7.60603e-07
13.5333,0.0176054,0.00351466,6.76092e-07,1.01414e-06
13.55,0.0176345,0.00353283,1.43669e-06,5.9158e-07
13.5667,0.0176648,0.00355168,1.85925e-06,3.38046e-07
13.5833,0.0176937,0.0035701,1.94376e-06,1.69023e-07
13.6,0.017724,0.00358853,1.18316e-06,5.07069e-07
13.6167,0.0177555,0.00360822,6.76092e-07,1.60572e-06
13.6333,0.0177852,0.00362909,1.35218e-06,1.01414e-06
13.65,0.0178167,0.0036492,7.60603e-07,1.01414e-06
13.6667,0.0178482,0.00366839,1.01414e-06,5.9158e-07
13.6833,0.0178788,0.00368842,6.76092e-07,1.85925e-06
13.7,0.0179102,0.00370938,1.01414e-06,1.35218e-06
13.7167,0.0179401,0.00373008,1.69023e-06,7.60603e-07
13.7333,0.0179711,0.00375163,2.02827e-06,5.9158e-07
13.75,0.0180033,0.00377411,1.77474e-06,3.38046e-07
13.7667,0.0180365,0.00379701,2.11279e-06,3.38046e-07
13.7833,0.0180677,0.00381907,2.02827e-06,1.09865e-06
13.8,0.0180996,0.00384088,2.1973e-06,7.60603e-07
13.8167,0.0181325,0.00386353,3.12692e-06,3.38046e-07
13.8333,0.0181651,0.00388837,2.1973e-06,8.45115e-07
13.85,0.0181973,0.00391254,2.87339e-06,3.38046e-07
13.8667,0.0182311,0.00393654,1.35218e-06,1.85925e-06
13.8833,0.0182642,0.00396038,1.69023e-07,3.04241e-06
13.9,0.0182975,0.00398607,3.38046e-07,2.36632e-06
13.9167,0.0183304,0.00401277,1.85925e-06,1.18316e-06
13.9333,0.0183645,0.00403762,1.35218e-06,1.85925e-06
13.95,0.0183995,0.00406382,1.35218e-06,1.85925e-06
13.9667,0.0184355,0.00409052,1.35218e-06,2.36632e-06
13.9833,0.0184713,0.00411791,2.02827e-06,1.85925e-06
14,0.0185061,0.00414664,5.07069e-07,3.04241e-06
14.0167,0.018542,0.0041747,8.45115e-07,2.70437e-06
14.0333,0.0185771,0.00420174,1.01414e-06,2.1973e-06
14.05,0.0186125,0.00422997,0,3.7185e-06
14.0667,0.0186488,0.00425836,0,3.88753e-06
14.0833,0.018685,0.00428828,6.76092e-07,4.22557e-06
14.1,0.018722,0.00431921,1.18316e-06,3.21144e-06
14.1167,0.0187609,0.00434862,1.69023e-06,2.02827e-06
14.1333,0.0187986,0.00438074,8.45115e-07,2.70437e-06
14.15,0.0188363,0.004412,8.45115e-07,3.04241e-06
14.1667,0.0188761,0.0044453,1.35218e-06,2.53534e-06
14.1833,0.0189164,0.00447911,1.35218e-06,2.36632e-06
14.2,0.0189551,0.00451224,1.01414e-06,2.36632e-06
14.2167,0.0189967,0.00454486,6.76092e-07,3.04241e-06
14.2333,0.0190365,0.00457984,6.76092e-07,3.54948e-06
14.25,0.0190776,0.00461466,2.36632e-06,1.52121e-06
14.2667,0.0191199,0.00465066,2.1973e-06,2.02827e-06
14.2833,0.0191616,0.00468667,2.1973e-06,1.85925e-06
14.3,0.0192054,0.00472284,1.35218e-06,3.04241e-06
14.3167,0.0192471,0.00475952,1.69023e-06,3.21144e-06
14.3333,0.0192911,0.00479687,1.01414e-06,3.88753e-06
14.35,0.0193345,0.00483473,2.70437e-06,2.70437e-06
14.3667,0.0193797,0.00487394,2.87339e-06,1.85925e-06
14.3833,0.0194241,0.00491434,3.38046e-06,1.85925e-06
14.4,0.0194696,0.00495508,3.04241e-06,2.02827e-06
14.4167,0.0195174,0.00499598,3.54948e-06,8.45115e-07
14.4333,0.0195664,0.00503756,3.7185e-06,1.35218e-06
14.45,0.0196148,0.00508184,3.21144e-06,2.02827e-06
14.4667,0.0196618,0.00512545,2.70437e-06,2.02827e-06
14.4833,0.0197108,0.00517024,2.70437e-06,2.70437e-06
14.5,0.019762,0.00521402,4.22557e-06,1.18316e-06
14.5167,0.0198135,0.00525965,3.54948e-06,1.35218e-06
14.5333,0.0198656,0.0053063,3.54948e-06,2.53534e-06
14.55,0.019919,0.00535448,3.04241e-06,2.53534e-06
14.5667,0.0199733,0.00540248,3.04241e-06,2.87339e-06
14.5833,0.0200279,0.00545065,4.05655e-06,1.69023e-06
14.6,0.0200821,0.00550034,3.21144e-06,3.21144e-06
14.6167,0.0201379,0.00555105,2.70437e-06,3.38046e-06
14.6333,0.0201943,0.00560159,1.52121e-06,3.7185e-06
14.65,0.020252,0.00565314,2.70437e-06,2.87339e-06
14.6667,0.0203108,0.00570621,4.3946e-06,1.52121e-06
14.6833,0.0203723,0.00576064,4.22557e-06,1.01414e-06
14.7,0.0204352,0.00581608,3.88753e-06,1.18316e-06
14.7167,0.0204996,0.00587152,4.73264e-06,1.35218e-06
14.7333,0.020563,0.00592899,4.90166e-06,8.45115e-07
14.75,0.0206276,0.00598797,4.22557e-06,1.69023e-06
14.7667,0.0206947,0.00604544,4.05655e-06,1.35218e-06
14.7833,0.0207633,0.00610578,5.07069e-06,6.76092e-07
14.8,0.0208338,0.00616731,3.54948e-06,1.85925e-06
14.8167,0.0209041,0.00623069,4.73264e-06,8.45115e-07
14.8333,0.0209769,0.00629188,5.57776e-06,1.69023e-07
14.85,0.0210521,0.00635509,5.40873e-06,1.01414e-06
14.8667,0.0211307,0.00641949,4.3946e-06,1.18316e-06
14.8833,0.0212073,0.00648575,5.40873e-06,1.01414e-06
14.9,0.0212873,0.00654271,5.07069e-06,1.69023e-06
14.9167,0.0213691,0.00661268,4.90166e-06,1.18316e-06
14.9333,0.0214536,0.00668063,4.3946e-06,1.85925e-06
14.95,0.0215394,0.00675044,1.65642e-05,1.04794e-05
14.9667,0.0216277,0.00682548,1.36909e-05,7.60603e-06
14.9833,0.0217181,0.0068958,1.52121e-05,8.78919e-06
15,0.0218116,0.00697084,1.36909e-05,8.28212e-06
15.0167,0.021906,0.00704504,1.30148e-05,7.94408e-06
15.0333,0.0220041,0.00711941,1.18316e-05,5.9158e-06
15.05,0.0221055,0.00719598,9.97235e-06,3.54948e-06
15.0667,0.0222098,0.00727322,1.21696e-05,6.76092e-06
15.0833,0.0223171,0.00735182,1.13245e-05,5.9158e-06
15.1,0.022426,0.00743025,1.33528e-05,7.09896e-06
15.1167,0.0225458,0.00751188,1.26767e-05,7.94408e-06
15.1333,0.0226626,0.00759352,1.31838e-05,7.77505e-06
15.15,0.0227831,0.00767432,1.20006e-05,6.76092e-06
15.1667,0.022907,0.00775697,1.53811e-05,9.29626e-06
15.1833,0.0230346,0.00784047,1.52121e-05,1.06484e-05
15.2,0.0231676,0.00792616,1.58882e-05,1.13245e-05
15.2167,0.0233035,0.00801253,1.62262e-05,1.11555e-05
15.2333,0.0234431,0.00809992,1.41979e-05,9.80333e-06
15.25,0.0235887,0.00818477,1.63952e-05,1.18316e-05
15.2667,0.0237388,0.00827063,1.58882e-05,1.09865e-05
15.2833,0.0238953,0.00835869,1.53811e-05,1.04794e-05
15.3,0.0240543,0.0084481,1.43669e-05,9.63431e-06
15.3167,0.0242193,0.00853701,1.30148e-05,9.46528e-06
15.3333,0.0243876,0.0086271,1.28457e-05,8.78919e-06
15.35,0.0245641,0.00871854,1.20006e-05,8.28212e-06
15.3667,0.0247456,0.00880795,1.16626e-05,7.60603e-06
15.3833,0.0249354,0.00889889,1.13245e-05,7.60603e-06
15.4,0.0251317,0.00898745,1.03104e-05,6.76092e-06
15.4167,0.0253362,0.00907399,1.08175e-05,7.43701e-06
15.4333,0.025547,0.00916341,1.06484e-05,7.94408e-06
15.45,0.0257665,0.00924978,1.01414e-05,8.78919e-06
15.4667,0.0259934,0.00933733,1.08175e-05,9.80333e-06
15.4833,0.0262322,0.00942134,1.20006e-05,1.16626e-05
15.5,0.0264763,0.009505,1.06484e-05,1.04794e-05
15.5167,0.0267296,0.00958901,1.01414e-05,1.14936e-05
15.5333,0.0269946,0.00967031,8.45114e-06,1.16626e-05
15.55,0.0272713,0.00974907,8.95821e-06,1.16626e-05
15.5667,0.0275566,0.00982378,8.1131e-06,1.18316e-05
15.5833,0.0278536,0.00990018,4.56362e-06,8.78919e-06
15.6,0.0281624,0.00996931,2.70437e-06,9.46528e-06
15.6167,0.0284848,0.0100334,3.7185e-06,1.09865e-05
15.6333,0.0288194,0.0100962,1.01414e-06,9.46528e-06
15.65,0.0291674,0.0101561,1.69023e-07,1.01414e-05
15.6667,0.0295293,0.010209,2.87339e-06,7.60603e-06
15.6833,0.0299054,0.0102583,4.90166e-06,7.77505e-06
15.7,0.0302968,0.0103016,6.76092e-06,7.09896e-06
15.7167,0.0307071,0.0103388,7.09896e-06,8.1131e-06
15.7333,0.0311298,0.0103719,9.46528e-06,7.94408e-06
15.75,0.0315723,0.0103941,1.13245e-05,7.77505e-06
15.7667,0.0320327,0.0104105,1.43669e-05,6.42287e-06
15.7833,0.0325124,0.010415,1.55501e-05,8.62017e-06
15.8,0.0330112,0.0104106,1.80855e-05,6.25385e-06
15.8167,0.0335318,0.0103978,2.04518e-05,7.26798e-06
15.8333,0.0340747,0.0103738,1.96067e-05,9.46528e-06
15.85,0.0346399,0.0103388,2.36632e-05,7.94408e-06
15.8667,0.0352259,0.0102955,2.83958e-05,6.59189e-06
15.8833,0.0358351,0.0102391,2.99171e-05,7.26798e-06
15.9,0.0364735,0.0101704,3.09312e-05,9.97235e-06
15.9167,0.0371328,0.0100851,3.38046e-05,9.80333e-06
15.9333,0.0378199,0.00998993,3.61709e-05,1.13245e-05
15.95,0.038533,0.0098777,3.98894e-05,9.97235e-06
15.9667,0.0392753,0.00975076,4.22557e-05,1.16626e-05
15.9833,0.0400464,0.00960794,4.59742e-05,1.23387e-05
16,0.0408456,0.00945193,4.73264e-05,1.28457e-05
16.0167,0.0416777,0.00927851,5.37493e-05,1.14936e-05
16.0333,0.0425378,0.00908616,5.64536e-05,1.21696e-05
16.05,0.0434255,0.00887607,5.94961e-05,1.30148e-05
16.0667,0.0443491,0.00865093,6.37216e-05,1.16626e-05
16.0833,0.0453044,0.00840923,6.76092e-05,1.31838e-05
16.1,0.0462911,0.00814826,7.45391e-05,9.46528e-06
16.1167,0.0473092,0.00787038,8.1469e-05,6.42287e-06
16.1333,0.0483607,0.00757493,8.45114e-05,6.42287e-06
16.15,0.0494487,0.00726224,8.8906e-05,7.77505e-06
16.1667,0.0505684,0.00693332,9.36387e-05,6.42287e-06
16.1833,0.0517219,0.0065902,9.76952e-05,6.42287e-06
16.2,0.0529072,0.00623187,0.000102766,5.07069e-06
16.2167,0.0541262,0.00586036,0.000105132,7.43701e-06
16.2333,0.0553777,0.00547465,0.000107837,6.76092e-06
16.25,0.0566572,0.0050717,0.000110879,7.77505e-06
16.2667,0.0579701,0.00465962,0.00011595,5.07069e-06
16.2833,0.0593122,0.00423977,0.000122711,2.36632e-06
16.3,0.0606829,0.00380809,0.000123049,4.3946e-06
16.3167,0.0620818,0.00337099,0.000124401,5.07069e-06
16.3333,0.0635046,0.0029268,0.000127781,3.38046e-06
16.35,0.0649518,0.00247855,0.000130148,3.04241e-06
16.3667,0.0664199,0.00202591,0.000130486,3.7185e-06
16.3833,0.0679137,0.00157293,0.000132176,3.38046e-06
16.4,0.0694245,0.00112231,0.00013319,2.70437e-06
16.4167,0.0709474,0.000672373,0.000134204,3.04241e-06
16.4333,0.0724868,0.000225477,0.000135218,2.70437e-06
16.45,0.0740347,0.000214659,0.000135218,1.69023e-06
16.4667,0.0755921,0.000648372,0.000132852,3.04241e-06
16.4833,0.0771576,0.00107465,0.000133528,2.02827e-06
16.5,0.0787292,0.00149112,0.000132852,0
16.5167,0.0803008,0.00189542,0.000131838,6.76092e-07
16.5333,0.081872,0.00228587,0.00012981,3.38046e-07
16.55,0.0834388,0.00266211,0.000127105,6.76092e-07
16.5667,0.0849989,0.00302889,0.000123387,6.76092e-07
16.5833,0.0865492,0.00337775,0.000121696,0
16.6,0.08809,0.00371174,0.00012102,1.01414e-06
16.6167,0.089618,0.00402782,0.000118316,1.01414e-06
16.6333,0.0911273,0.00432969,0.000113583,3.38046e-07
16.65,0.0926198,0.00461331,0.000109865,3.38046e-07
16.6667,0.09409,0.00487935,0.000103442,2.70437e-06
16.6833,0.0955372,0.00513018,0.000101076,1.01414e-06
16.7,0.096961,0.00536107,9.97235e-05,1.35218e-06
16.7167,0.0983595,0.00557809,9.43148e-05,3.38046e-07
16.7333,0.0997321,0.00577433,8.99202e-05,1.01414e-06
16.75,0.101072,0.00595417,8.68778e-05,1.01414e-06
16.7667,0.102384,0.00611778,8.28212e-05,3.38046e-07
16.7833,0.103666,0.00626652,7.72435e-05,8.45115e-07
16.8,0.104914,0.00639819,7.30179e-05,1.52121e-06
16.8167,0.106131,0.0065133,7.11586e-05,8.45115e-07
16.8333,0.107315,0.0066142,6.6595e-05,1.69023e-07
16.85,0.108465,0.00670142,6.15243e-05,2.70437e-06
16.8667,0.109581,0.00677342,5.71297e-05,1.01414e-06
16.8833,0.110662,0.00683461,5.37493e-05,2.36632e-06
16.9,0.111712,0.00688363,5.03688e-05,1.35218e-06
16.9167,0.112725,0.0069203,4.74954e-05,1.69023e-06
16.9333,0.113705,0.00694481,4.36079e-05,2.36632e-06
16.95,0.114652,0.00695867,4.02274e-05,3.04241e-06
16.9667,0.115568,0.00696053,3.90443e-05,1.52121e-06
16.9833,0.11645,0.00695648,3.76921e-05,6.76092e-07
17,0.117301,0.00694143,3.29595e-05,1.18316e-06
17.0167,0.11812,0.00692216,3.21144e-05,3.38046e-07
17.0333,0.11891,0.00689377,2.82268e-05,2.1973e-06
17.05,0.11967,0.0068576,2.53534e-05,2.70437e-06
17.0667,0.120399,0.00681433,2.33252e-05,2.02827e-06
17.0833,0.121097,0.00676717,2.1973e-05,1.01414e-06
17.1,0.121772,0.00671274,2.12969e-05,5.07069e-07
17.1167,0.12242,0.00665274,1.58882e-05,3.7185e-06
17.1333,0.123041,0.00658851,1.5043e-05,2.87339e-06
17.15,0.123637,0.00652327,1.20006e-05,2.70437e-06
17.1667,0.124209,0.00645296,1.35218e-05,1.01414e-06
17.1833,0.124757,0.0063774,1.31838e-05,5.07069e-07
17.2,0.125281,0.00629982,1.01414e-05,2.53534e-06
17.2167,0.125787,0.00622072,9.97235e-06,5.07069e-07
17.2333,0.126268,0.00613891,9.46528e-06,1.69023e-07
17.25,0.126731,0.00605609,9.46528e-06,1.52121e-06
17.2667,0.127174,0.00597158,7.60603e-06,1.69023e-07
17.2833,0.127598,0.00588233,6.08482e-06,1.69023e-07
17.3,0.128005,0.00579309,6.76092e-06,1.69023e-07
17.3167,0.128391,0.00570283,8.1131e-06,2.53534e-06
17.3333,0.128768,0.0056141,6.42287e-06,2.53534e-06
17.35,0.129127,0.00552418,7.09896e-06,2.36632e-06
17.3667,0.12947,0.00543544,4.22557e-06,1.18316e-06
17.3833,0.1298,0.00534467,4.90166e-06,2.36632e-06
17.4,0.130116,0.00525239,3.38046e-06,1.85925e-06
17.4167,0.130417,0.00516314,4.05655e-06,2.70437e-06
17.4333,0.130706,0.00507272,3.7185e-06,2.53534e-06
17.45,0.130986,0.00498296,5.07069e-07,6.76092e-07
17.4667,0.131254,0.00489321,1.18316e-06,1.69023e-07
17.4833,0.131512,0.0048038,1.69023e-07,6.76092e-07
17.5,0.131758,0.00471405,2.70437e-06,1.01414e-06
17.5167,0.131995,0.00462531,1.35218e-06,3.38046e-07
17.5333,0.132221,0.00453573,1.85925e-06,3.38046e-07
17.55,0.132434,0.00444919,6.76092e-07,1.01414e-06
17.5667,0.132643,0.00436248,8.45115e-07,1.69023e-06
17.5833,0.132844,0.00427611,1.18316e-06,1.18316e-06
17.6,0.133037,0.00419194,2.02827e-06,6.76092e-07
17.6167,0.133225,0.00410709,2.36632e-06,1.69023e-07
17.6333,0.133402,0.00402342,2.1973e-06,8.45115e-07
17.65,0.133572,0.00394314,2.53534e-06,1.01414e-06
17.6667,0.133737,0.00386167,3.38046e-06,5.07069e-07
17.6833,0.133896,0.00377935,4.22557e-06,8.45115e-07
17.7,0.134049,0.00370143,4.90166e-06,8.45115e-07
17.7167,0.134196,0.0036252,4.56362e-06,8.45115e-07
17.7333,0.134338,0.00354779,2.87339e-06,1.01414e-06
17.75,0.134475,0.00347291,2.02827e-06,1.85925e-06
17.7667,0.134606,0.00339956,1.52121e-06,1.85925e-06
17.7833,0.134733,0.00332722,3.7185e-06,5.07069e-07
17.8,0.134857,0.00325403,4.22557e-06,1.01414e-06
17.8167,0.134975,0.00318439,3.54948e-06,5.07069e-07
17.8333,0.13509,0.00311543,4.73264e-06,1.69023e-07
17.85,0.1352,0.00304123,4.90166e-06,5.07069e-07
17.8667,0.135308,0.00297379,4.22557e-06,1.69023e-07
17.8833,0.135412,0.00290635,6.08482e-06,1.35218e-06
17.9,0.135511,0.00284026,1.01414e-06,3.7185e-06
17.9167,0.135609,0.00277603,1.18316e-06,3.38046e-06
17.9333,0.135702,0.00271163,2.53534e-06,1.52121e-06
17.95,0.135794,0.00264994,2.36632e-06,2.53534e-06
17.9667,0.13588,0.00258892,1.69023e-06,2.70437e-06
17.9833,0.135966,0.00252808,1.18316e-06,3.04241e-06
18,0.13605,0.00246892,1.85925e-06,2.36632e-06
18.0167,0.136129,0.00241027,1.69023e-06,1.69023e-06
18.0333,0.136207,0.00235094,1.69023e-06,2.87339e-06
18.05,0.136284,0.00229499,8.45115e-07,3.38046e-06
18.0667,0.136358,0.0022382,6.76092e-07,3.38046e-06
18.0833,0.136428,0.00218513,6.76092e-07,2.87339e-06
18.1,0.136498,0.0021302,1.35218e-06,3.04241e-06
18.1167,0.136565,0.00207712,1.85925e-06,2.70437e-06
18.1333,0.136632,0.00202219,1.52121e-06,2.53534e-06
18.15,0.136695,0.00197284,1.69023e-07,3.04241e-06
18.1667,0.136758,0.00192297,3.38046e-07,3.04241e-06
18.1833,0.136819,0.00187227,1.01414e-06,3.88753e-06
18.2,0.136878,0.00182393,3.38046e-07,3.21144e-06
18.2167,0.136936,0.00177728,5.07069e-07,3.38046e-06
18.2333,0.136992,0.00172843,1.01414e-06,1.85925e-06
18.25,0.137045,0.00168161,6.76092e-07,3.7185e-06
18.2667,0.1371,0.00163648,5.07069e-07,3.04241e-06
18.2833,0.137152,0.00159084,1.01414e-06,2.70437e-06
18.3,0.137202,0.00154673,1.85925e-06,4.73264e-06
18.3167,0.137254,0.00150515,6.76092e-07,3.7185e-06
18.3333,0.137303,0.00146256,1.69023e-07,3.54948e-06
18.35,0.137351,0.00142098,1.69023e-07,2.87339e-06
18.3667,0.137399,0.00137906,1.69023e-06,4.56362e-06
18.3833,0.137445,0.00133849,2.36632e-06,5.23971e-06
18.4,0.13749,0.00130046,1.18316e-06,4.05655e-06
18.4167,0.137535,0.00126176,1.69023e-07,3.7185e-06
18.4333,0.137579,0.00122322,8.45115e-07,3.88753e-06
18.45,0.13762,0.0011857,3.38046e-07,3.04241e-06
18.4667,0.137663,0.00114851,8.45115e-07,3.21144e-06
18.4833,0.137705,0.00111183,1.69023e-07,3.54948e-06
18.5,0.137744,0.001076,6.76092e-07,3.21144e-06
18.5167,0.137784,0.00104084,5.07069e-07,3.21144e-06
18.5333,0.137821,0.00100484,6.76092e-07,2.36632e-06
18.55,0.13786,0.000972727,1.69023e-07,2.87339e-06
18.5667,0.137897,0.000938415,1.35218e-06,3.88753e-06
18.5833,0.137935,0.000905456,2.1973e-06,5.07069e-06
18.6,0.137972,0.00087351,1.52121e-06,4.73264e-06
18.6167,0.138008,0.000841734,2.02827e-06,4.56362e-06
18.6333,0.13804,0.000810634,2.70437e-06,5.40873e-06
18.65,0.138076,0.000779196,2.70437e-06,4.90166e-06
18.6667,0.138112,0.000749448,1.35218e-06,3.54948e-06
18.6833,0.138146,0.000719361,1.01414e-06,3.88753e-06
18.7,0.138178,0.000688092,1.69023e-06,3.21144e-06
18.7167,0.138211,0.000659865,1.85925e-06,3.7185e-06
18.7333,0.138244,0.00063147,2.87339e-06,4.3946e-06
18.75,0.138276,0.00060206,2.1973e-06,4.22557e-06
18.7667,0.138308,0.000574509,2.36632e-06,4.73264e-06
18.7833,0.138338,0.000548141,3.88753e-06,6.08482e-06
18.8,0.13837,0.00052076,3.88753e-06,5.57776e-06
18.8167,0.138399,0.000493547,3.04241e-06,4.56362e-06
18.8333,0.138432,0.000467348,2.53534e-06,4.22557e-06
18.85,0.13846,0.000442164,2.87339e-06,4.56362e-06
18.8667,0.138489,0.000417994,3.04241e-06,5.07069e-06
18.8833,0.138517,0.000393823,3.21144e-06,4.90166e-06
18.9,0.138545,0.000367878,3.7185e-06,5.40873e-06
18.9167,0.138575,0.000344215,3.7185e-06,5.74678e-06
18.9333,0.138605,0.000320467,3.88753e-06,4.90166e-06
18.95,0.138633,0.000297734,3.63399e-06,5.07069e-06
18.9667,0.13866,0.000275254,3.04241e-06,4.22557e-06
18.9833,0.138686,0.000252605,2.70437e-06,3.7185e-06
19,0.138714,0.000230801,2.78888e-06,4.14106e-06
19.0167,0.13874,0.000207729,2.45083e-06,3.12692e-06
19.0333,0.138767,0.000186517,1.85925e-06,3.12692e-06
19.05,0.138793,0.000164713,2.1973e-06,3.21144e-06
19.0667,0.13882,0.000144599,3.21144e-06,3.97204e-06
19.0833,0.138846,0.000123387,2.78888e-06,3.63399e-06
19.1,0.138871,0.000103358,4.14106e-06,5.32422e-06
19.1167,0.138896,8.39199e-05,3.21144e-06,4.22557e-06
19.1333,0.138922,6.38061e-05,3.04241e-06,4.22557e-06
19.15,0.138946,4.36079e-05,2.87339e-06,3.38046e-06
19.1667,0.13897,2.50999e-05,2.78888e-06,3.97204e-06
19.1833,0.138994,5.32422e-06,3.29595e-06,3.80302e-06
19.2,0.139019,1.27612e-05,2.36632e-06,3.04241e-06
19.2167,0.139043,3.13537e-05,2.1973e-06,3.7185e-06
19.2333,0.139068,5.00308e-05,4.90166e-06,4.98618e-06
19.25,0.139091,6.84543e-05,3.7185e-06,4.73264e-06
19.2667,0.139115,8.52721e-05,3.88753e-06,4.31008e-06
19.2833,0.139137,0.000102935,2.61985e-06,3.63399e-06
19.3,0.13916,0.000120682,4.3946e-06,4.81715e-06
19.3167,0.139184,0.000137078,4.05655e-06,4.05655e-06
19.3333,0.139208,0.000153726,3.63399e-06,4.22557e-06
19.35,0.139232,0.000169361,3.63399e-06,3.97204e-06
19.3667,0.139255,0.000186601,1.94376e-06,2.53534e-06
19.3833,0.139277,0.000201898,2.45083e-06,3.04241e-06
19.4,0.139297,0.000217617,3.29595e-06,3.29595e-06
19.4167,0.13932,0.000233505,3.38046e-06,3.54948e-06
19.4333,0.139342,0.000249309,3.12692e-06,3.38046e-06
19.45,0.139365,0.000264605,4.3946e-06,4.31008e-06
19.4667,0.139387,0.000279395,3.7185e-06,4.14106e-06
19.4833,0.139408,0.000293931,3.80302e-06,4.31008e-06
19.5,0.139431,0.000308382,4.22557e-06,3.80302e-06
19.5167,0.139453,0.000322834,3.7185e-06,3.29595e-06
19.5333,0.139474,0.000336525,3.04241e-06,2.9579e-06
19.55,0.139496,0.000351821,4.31008e-06,3.80302e-06
19.5667,0.139518,0.000366273,4.73264e-06,4.90166e-06
19.5833,0.13954,0.000380724,5.07069e-06,4.98618e-06
19.6,0.139559,0.000394837,3.80302e-06,4.05655e-06
19.6167,0.139581,0.00040743,5.23971e-06,5.23971e-06
19.6333,0.139603,0.00041943,6.25385e-06,5.74678e-06
19.65,0.139622,0.000433121,4.31008e-06,4.90166e-06
19.6667,0.139642,0.000445713,5.1552e-06,4.73264e-06
19.6833,0.139663,0.000458644,3.97204e-06,4.14106e-06
19.7,0.139686,0.000469292,4.05655e-06,4.22557e-06
19.7167,0.139706,0.000482138,2.9579e-06,2.53534e-06
19.7333,0.139727,0.00049304,2.70437e-06,2.70437e-06
19.75,0.139747,0.000505294,3.7185e-06,3.80302e-06
19.7667,0.139767,0.000516618,2.9579e-06,3.29595e-06
19.7833,0.139787,0.000528957,2.87339e-06,2.53534e-06
19.8,0.139807,0.000540113,2.70437e-06,2.87339e-06
19.8167,0.139827,0.000552705,2.87339e-06,2.70437e-06
19.8333,0.139846,0.000564283,3.12692e-06,2.87339e-06
19.85,0.139867,0.000575692,3.80302e-06,3.80302e-06
19.8667,0.139885,0.000587439,3.63399e-06,4.31008e-06
19.8833,0.139906,0.000598088,4.22557e-06,4.56362e-06
19.9,0.139925,0.000607299,4.47911e-06,3.97204e-06
19.9167,0.139945,0.000619046,3.80302e-06,3.88753e-06
19.9333,0.139964,0.000629526,3.80302e-06,3.63399e-06
19.95,0.139983,0.000639836,2.36632e-06,2.28181e-06
19.9667,0.140003,0.000649724,2.11279e-06,2.45083e-06
19.9833,0.140024,0.000660372,3.63399e-06,3.12692e-06
20,0.140043,0.000669246,3.04241e-06,2.9579e-06
20.0167,0.140062,0.000680148,3.04241e-06,3.29595e-06
20.0333,0.140081,0.000690712,4.31008e-06,4.64813e-06
20.05,0.140099,0.000700262,4.05655e-06,4.31008e-06
20.0667,0.140119,0.000711164,2.9579e-06,3.54948e-06
20.0833,0.140138,0.000720714,3.21144e-06,3.38046e-06
20.1,0.140157,0.000730771,3.46497e-06,3.63399e-06
20.1167,0.140176,0.000738715,3.12692e-06,3.46497e-06
20.1333,0.140196,0.000747673,2.78888e-06,3.04241e-06
20.15,0.140216,0.000756293,3.38046e-06,3.63399e-06
20.1667,0.140234,0.000764491,4.64813e-06,4.3946e-06
20.1833,0.140254,0.00077497,3.38046e-06,3.7185e-06
20.2,0.140274,0.000782576,4.14106e-06,4.81715e-06
20.2167,0.140293,0.000790436,1.77474e-06,2.61985e-06
20.2333,0.140309,0.000799732,1.77474e-06,2.78888e-06
20.25,0.140329,0.000807845,6.76092e-07,1.52121e-06
20.2667,0.140347,0.000815028,3.38046e-07,1.01414e-06
20.2833,0.140365,0.000824916,5.07069e-07,1.01414e-06
20.3,0.140384,0.000833029,7.60603e-07,1.18316e-06
20.3167,0.140403,0.000841988,9.29626e-07,1.69023e-06
20.3333,0.140421,0.000849847,1.77474e-06,2.53534e-06
20.35,0.14044,0.00085796,1.35218e-06,1.77474e-06
20.3667,0.140457,0.000866496,1.18316e-06,1.60572e-06
20.3833,0.140474,0.000873848,2.53534e-07,0
20.4,0.140492,0.000880947,1.69023e-06,1.85925e-06
20.4167,0.14051,0.000889229,1.35218e-06,2.28181e-06
20.4333,0.140529,0.000897174,1.43669e-06,1.69023e-06
20.45,0.140547,0.000903934,5.9158e-07,1.26767e-06
20.4667,0.140565,0.000911033,1.35218e-06,1.85925e-06
20.4833,0.140583,0.000920921,2.78888e-06,2.9579e-06
20.5,0.140601,0.000927851,2.70437e-06,2.61985e-06
20.5167,0.140618,0.000934612,3.12692e-06,3.12692e-06
20.5333,0.140636,0.000941204,2.53534e-06,2.87339e-06
20.55,0.140654,0.000948557,1.77474e-06,1.60572e-06
20.5667,0.14067,0.000954979,2.1973e-06,2.28181e-06
20.5833,0.140687,0.000962247,2.28181e-06,2.28181e-06
20.6,0.140706,0.00097036,3.46497e-06,3.63399e-06
20.6167,0.140724,0.000976276,3.29595e-06,3.7185e-06
20.6333,0.140742,0.000983037,4.05655e-06,4.47911e-06
20.65,0.14076,0.000990136,2.9579e-06,2.87339e-06
20.6667,0.140779,0.000997996,3.97204e-06,3.21144e-06
20.6833,0.140796,0.00100459,2.36632e-06,2.36632e-06
20.7,0.140815,0.00101126,3.97204e-06,3.88753e-06
20.7167,0.140832,0.00101828,3.88753e-06,3.97204e-06
20.7333,0.140849,0.00102487,4.22557e-06,4.31008e-06
20.75,0.140866,0.00103096,5.1552e-06,4.98618e-06
20.7667,0.140884,0.00103662,5.83129e-06,5.9158e-06
20.7833,0.140901,0.00104253,5.57776e-06,6.16934e-06
20.8,0.140919,0.00104921,6.33836e-06,6.00031e-06
20.8167,0.140938,0.00105555,4.31008e-06,4.31008e-06
20.8333,0.140953,0.00106079,5.1552e-06,5.1552e-06
20.85,0.140971,0.00106577,3.88753e-06,4.14106e-06
20.8667,0.140988,0.00107084,3.88753e-06,3.97204e-06
20.8833,0.141005,0.00107744,3.29595e-06,2.9579e-06
20.9,0.141022,0.00108132,2.61985e-06,2.70437e-06
20.9167,0.141039,0.00108699,1.94376e-06,2.02827e-06
20.9333,0.141057,0.001094,2.36632e-06,2.36632e-06
20.95,0.141075,0.00109975,1.60572e-06,2.28181e-06
20.9667,0.141092,0.00110685,3.54948e-06,3.54948e-06
20.9833,0.141109,0.00111149,3.97204e-06,3.29595e-06
21,0.141126,0.00111826,3.63399e-06,3.38046e-06
21.0167,0.141142,0.00112316,3.54948e-06,3.63399e-06
21.0333,0.14116,0.00112865,3.80302e-06,3.63399e-06
21.05,0.141176,0.00113305,4.47911e-06,4.14106e-06
21.0667,0.141192,0.00114006,4.3946e-06,4.14106e-06
21.0833,0.141209,0.00114352,2.9579e-06,2.11279e-06
21.1,0.141227,0.00114919,2.87339e-06,3.04241e-06
21.1167,0.141243,0.00115358,3.29595e-06,2.9579e-06
21.1333,0.141261,0.00115941,2.61985e-06,2.02827e-06
21.15,0.141275,0.00116558,3.63399e-06,3.21144e-06
21.1667,0.141294,0.00116896,4.14106e-06,4.05655e-06
21.1833,0.141312,0.00117403,3.54948e-06,3.46497e-06
21.2,0.141328,0.00117944,2.9579e-06,2.28181e-06
21.2167,0.141345,0.00118519,3.04241e-06,2.70437e-06
21.2333,0.141362,0.0011884,2.53534e-06,2.1973e-06
21.25,0.14138,0.00119389,1.52121e-06,1.18316e-06
21.2667,0.141396,0.00119702,1.94376e-06,1.43669e-06
21.2833,0.141413,0.00120201,2.78888e-06,2.28181e-06
21.3,0.141431,0.00120674,1.77474e-06,1.09865e-06
21.3167,0.141447,0.00121189,2.1973e-06,1.26767e-06
21.3333,0.141464,0.00121561,1.52121e-06,1.26767e-06
21.35,0.141481,0.00122119,1.43669e-06,1.01414e-06
21.3667,0.141497,0.00122525,1.43669e-06,7.60603e-07
21.3833,0.141513,0.00123184,1.52121e-06,1.01414e-06
21.4,0.14153,0.00123556,1.85925e-06,1.77474e-06
21.4167,0.141546,0.00124004,1.52121e-06,1.01414e-06
21.4333,0.141564,0.00124342,1.18316e-06,6.76092e-07
21.45,0.14158,0.00124823,1.35218e-06,5.9158e-07
21.4667,0.141597,0.0012533,2.1973e-06,1.77474e-06
21.4833,0.141613,0.00125838,2.53534e-06,1.85925e-06
21.5,0.141628,0.00126184,1.94376e-06,1.85925e-06
21.5167,0.141644,0.00126632,2.36632e-06,1.77474e-06
21.5333,0.14166,0.0012708,3.12692e-06,2.11279e-06
21.55,0.141677,0.00127409,3.21144e-06,2.02827e-06
21.5667,0.141693,0.00127883,2.78888e-06,1.94376e-06
21.5833,0.14171,0.00128271,2.45083e-06,1.77474e-06
21.6,0.141726,0.00128728,1.69023e-06,7.60603e-07
21.6167,0.141743,0.00129083,2.28181e-06,1.26767e-06
21.6333,0.141759,0.00129531,2.53534e-06,1.60572e-06
21.65,0.141776,0.00129877,2.87339e-06,1.60572e-06
21.6667,0.141793,0.00130274,2.1973e-06,1.26767e-06
21.6833,0.141808,0.00130739,2.45083e-06,1.85925e-06
21.7,0.141824,0.00131187,3.29595e-06,1.94376e-06
21.7167,0.141841,0.00131534,3.63399e-06,2.02827e-06
21.7333,0.141857,0.00131914,3.38046e-06,2.53534e-06
21.75,0.141873,0.0013248,3.21144e-06,2.1973e-06
21.7667,0.141889,0.00132759,1.85925e-06,1.69023e-07
21.7833,0.141905,0.00133131,2.28181e-06,1.18316e-06
21.8,0.141921,0.0013352,2.1973e-06,1.09865e-06
21.8167,0.141938,0.00133917,3.54948e-06,1.77474e-06
21.8333,0.141954,0.00134162,1.69023e-06,1.01414e-06
21.85,0.141971,0.00134576,2.36632e-06,6.76092e-07
21.8667,0.141987,0.00134914,3.63399e-06,2.53534e-06
21.8833,0.142005,0.00135269,1.77474e-06,5.9158e-07
21.9,0.142019,0.00135607,2.70437e-06,1.26767e-06
21.9167,0.142035,0.0013603,3.12692e-06,1.94376e-06
21.9333,0.142051,0.00136494,3.63399e-06,2.28181e-06
21.95,0.142067,0.00136849,2.9579e-06,1.60572e-06
21.9667,0.142084,0.00137145,3.38046e-06,1.26767e-06
21.9833,0.142101,0.00137576,3.04241e-06,2.11279e-06
22,0.142117,0.00137973,3.88753e-06,2.11279e-06
22.0167,0.142132,0.00138388,4.31008e-06,3.38046e-06
22.0333,0.142146,0.00138666,3.88753e-06,2.78888e-06
22.05,0.142163,0.00138979,3.7185e-06,2.45083e-06
22.0667,0.142178,0.00139376,3.88753e-06,2.78888e-06
22.0833,0.142194,0.00139723,4.05655e-06,3.38046e-06
22.1,0.142209,0.00139985,5.23971e-06,3.88753e-06
22.1167,0.142227,0.00140272,3.46497e-06,2.45083e-06
22.1333,0.142243,0.00140509,2.87339e-06,1.69023e-06
22.15,0.142259,0.00140957,2.78888e-06,1.60572e-06
22.1667,0.142275,0.00141159,1.85925e-06,5.9158e-07
22.1833,0.142291,0.00141523,2.78888e-06,1.69023e-06
22.2,0.142307,0.00141929,2.28181e-06,1.60572e-06
22.2167,0.142322,0.00142258,2.87339e-06,1.52121e-06
22.2333,0.142338,0.00142588,3.04241e-06,2.36632e-06
22.25,0.142353,0.00142748,3.04241e-06,2.02827e-06
22.2667,0.14237,0.00143086,2.53534e-06,1.77474e-06
22.2833,0.142386,0.00143424,3.29595e-06,1.94376e-06
22.3,0.142401,0.00143737,1.35218e-06,5.07069e-07
22.3167,0.142416,0.00144134,2.02827e-06,1.94376e-06
22.3333,0.142433,0.00144481,3.63399e-06,3.04241e-06
22.35,0.142448,0.00144777,3.04241e-06,2.45083e-06
22.3667,0.142462,0.00145241,4.22557e-06,3.21144e-06
22.3833,0.142477,0.00145495,4.73264e-06,3.54948e-06
22.4,0.142492,0.00145774,4.64813e-06,3.21144e-06
22.4167,0.142509,0.0014607,3.7185e-06,3.12692e-06
22.4333,0.142523,0.00146306,4.14106e-06,3.46497e-06
22.45,0.142539,0.00146568,3.38046e-06,2.28181e-06
22.4667,0.142552,0.0014683,3.54948e-06,2.53534e-06
22.4833,0.142568,0.00147143,2.78888e-06,2.11279e-06
22.5,0.142584,0.00147363,2.87339e-06,1.94376e-06
22.5167,0.142599,0.00147684,3.21144e-06,2.11279e-06
22.5333,0.142616,0.00148013,3.46497e-06,2.28181e-06
22.55,0.142632,0.00148461,2.87339e-06,2.11279e-06
22.5667,0.142648,0.00148664,3.21144e-06,2.36632e-06
22.5833,0.142663,0.0014896,3.63399e-06,2.9579e-06
22.6,0.142679,0.00149137,3.80302e-06,3.12692e-06
22.6167,0.142695,0.00149357,3.04241e-06,2.45083e-06
22.6333,0.14271,0.00149644,3.97204e-06,3.63399e-06
22.65,0.142725,0.00149881,4.14106e-06,3.12692e-06
22.6667,0.142741,0.00150211,3.12692e-06,2.45083e-06
22.6833,0.142756,0.00150574,3.88753e-06,3.29595e-06
22.7,0.142771,0.00150963,4.73264e-06,3.46497e-06
22.7167,0.142786,0.00151191,5.07069e-06,4.64813e-06
22.7333,0.142802,0.00151436,4.90166e-06,3.80302e-06
22.75,0.142816,0.00151622,4.14106e-06,2.78888e-06
22.7667,0.142832,0.00151867,3.80302e-06,2.78888e-06
22.7833,0.142848,0.00152239,4.31008e-06,3.38046e-06
22.8,0.142863,0.00152459,4.3946e-06,2.70437e-06
22.8167,0.142879,0.00152611,4.31008e-06,3.29595e-06
22.8333,0.142894,0.00152923,5.07069e-06,4.31008e-06
22.85,0.14291,0.00153194,5.74678e-06,4.22557e-06
22.8667,0.142925,0.00153464,4.64813e-06,3.29595e-06
22.8833,0.142939,0.00153693,4.73264e-06,3.63399e-06
22.9,0.142956,0.00153921,4.05655e-06,2.9579e-06
22.9167,0.142972,0.00154157,3.63399e-06,3.12692e-06
22.9333,0.142986,0.00154386,3.38046e-06,2.11279e-06
22.95,0.143001,0.0015469,5.23971e-06,4.05655e-06
22.9667,0.143017,0.00154842,4.64813e-06,4.31008e-06
22.9833,0.143033,0.00154859,4.81715e-06,3.88753e-06
23,0.143046,0.00155239,3.46497e-06,2.1973e-06
23.0167,0.143062,0.00155374,3.04241e-06,1.60572e-06
23.0333,0.143077,0.00155577,2.87339e-06,1.26767e-06
23.05,0.143094,0.00155822,1.77474e-06,1.01414e-06
23.0667,0.143109,0.00156186,2.9579e-06,2.28181e-06
23.0833,0.143124,0.00156422,4.31008e-06,2.70437e-06
23.1,0.143139,0.00156667,4.47911e-06,3.46497e-06
23.1167,0.143154,0.00156938,3.63399e-06,2.9579e-06
23.1333,0.143169,0.00157124,3.46497e-06,2.70437e-06
23.15,0.143184,0.00157343,3.7185e-06,2.9579e-06
23.1667,0.143199,0.00157724,3.46497e-06,2.53534e-06
23.1833,0.143214,0.00157825,2.9579e-06,2.61985e-06
23.2,0.143229,0.00157935,3.80302e-06,2.70437e-06
23.2167,0.143244,0.00158273,2.70437e-06,1.85925e-06
23.2333,0.14326,0.00158543,3.88753e-06,3.12692e-06
23.25,0.143276,0.00158746,4.22557e-06,3.38046e-06
23.2667,0.143291,0.00158856,4.73264e-06,4.05655e-06
23.2833,0.143307,0.00159093,4.81715e-06,4.14106e-06
23.3,0.14332,0.00159236,4.31008e-06,3.7185e-06
23.3167,0.143335,0.00159465,4.3946e-06,3.54948e-06
23.3333,0.14335,0.00159651,4.05655e-06,3.04241e-06
23.35,0.143365,0.00159794,3.38046e-06,3.12692e-06
23.3667,0.14338,0.00160031,4.14106e-06,3.54948e-06
23.3833,0.143396,0.00160166,3.80302e-06,2.78888e-06
23.4,0.14341,0.00160546,3.04241e-06,2.36632e-06
23.4167,0.143425,0.00160775,3.80302e-06,2.61985e-06
23.4333,0.14344,0.00161053,3.38046e-06,2.45083e-06
23.45,0.143455,0.00161231,4.47911e-06,3.63399e-06
23.4667,0.14347,0.00161544,4.47911e-06,3.97204e-06
23.4833,0.143485,0.00161763,5.83129e-06,4.73264e-06
23.5,0.1435,0.00161941,5.66227e-06,5.57776e-06
23.5167,0.143515,0.00162042,6.16934e-06,5.23971e-06
23.5333,0.143529,0.00162279,6.00031e-06,4.90166e-06
23.55,0.143545,0.00162423,6.59189e-06,5.83129e-06
23.5667,0.14356,0.00162566,4.81715e-06,3.88753e-06
23.5833,0.143575,0.00162651,4.47911e-06,3.38046e-06
23.6,0.143589,0.00162735,4.31008e-06,3.63399e-06
23.6167,0.143605,0.00163073,3.21144e-06,2.02827e-06
23.6333,0.14362,0.00163192,5.07069e-06,4.14106e-06
23.65,0.143634,0.00163327,4.90166e-06,3.97204e-06
23.6667,0.143648,0.00163327,5.1552e-06,4.05655e-06
23.6833,0.143663,0.00163538,3.97204e-06,3.12692e-06
23.7,0.143679,0.0016369,3.7185e-06,3.12692e-06
23.7167,0.143694,0.00163986,3.80302e-06,2.87339e-06
23.7333,0.143709,0.0016413,3.80302e-06,2.70437e-06
23.75,0.143723,0.00164206,3.88753e-06,3.29595e-06
23.7667,0.143738,0.00164375,2.70437e-06,2.1973e-06
23.7833,0.143753,0.00164493,3.04241e-06,2.61985e-06
23.8,0.143768,0.00164671,3.12692e-06,2.28181e-06
23.8167,0.143783,0.0016489,2.78888e-06,2.36632e-06
23.8333,0.143798,0.00164907,4.56362e-06,3.7185e-06
23.85,0.143813,0.00165017,3.04241e-06,2.61985e-06
23.8667,0.143828,0.00165254,3.12692e-06,2.53534e-06
23.8833,0.143843,0.00165406,3.38046e-06,3.04241e-06
23.9,0.143858,0.00165609,3.46497e-06,2.61985e-06
23.9167,0.143873,0.00165786,2.87339e-06,2.70437e-06
23.9333,0.143888,0.0016593,2.45083e-06,1.69023e-06
23.95,0.143904,0.00166107,3.04241e-06,2.53534e-06
23.9667,0.143918,0.00166234,4.47911e-06,3.7185e-06
23.9833,0.143932,0.00166471,3.21144e-06,2.53534e-06
24,0.143946,0.00166462,3.21144e-06,1.94376e-06
24.0167,0.143961,0.00166673,3.54948e-06,2.45083e-06
24.0333,0.143975,0.001668,2.70437e-06,1.69023e-06
24.05,0.14399,0.00167012,3.63399e-06,2.53534e-06
24.0667,0.144006,0.00167079,3.63399e-06,2.28181e-06
24.0833,0.14402,0.00167248,3.21144e-06,2.53534e-06
24.1,0.144035,0.00167316,3.63399e-06,2.11279e-06
24.1167,0.14405,0.00167434,1.26767e-06,8.45115e-07
24.1333,0.144065,0.00167654,3.21144e-06,2.70437e-06
24.15,0.144079,0.00167899,4.14106e-06,3.04241e-06
24.1667,0.144094,0.00168043,4.14106e-06,3.46497e-06
24.1833,0.144109,0.00168144,3.38046e-06,2.45083e-06
24.2,0.144122,0.00168271,2.9579e-06,2.61985e-06
24.2167,0.144138,0.0016844,4.14106e-06,3.21144e-06
24.2333,0.144152,0.00168626,4.31008e-06,3.21144e-06
24.25,0.144167,0.00168752,4.31008e-06,3.29595e-06
24.2667,0.144183,0.00168913,4.22557e-06,3.38046e-06
24.2833,0.144197,0.00169048,4.14106e-06,3.04241e-06
24.3,0.144211,0.00169099,5.1552e-06,4.47911e-06
24.3167,0.144226,0.00169302,3.29595e-06,2.36632e-06
24.3333,0.144241,0.0016942,4.14106e-06,2.9579e-06
24.35,0.144255,0.00169547,3.38046e-06,2.28181e-06
24.3667,0.144271,0.00169657,4.14106e-06,3.12692e-06
24.3833,0.144286,0.00169817,2.61985e-06,1.26767e-06
24.4,0.144299,0.00170012,3.12692e-06,2.11279e-06
24.4167,0.144315,0.00170138,3.7185e-06,2.87339e-06
24.4333,0.14433,0.00170375,3.29595e-06,2.02827e-06
24.45,0.144344,0.00170612,3.29595e-06,2.61985e-06
24.4667,0.14436,0.00170755,4.73264e-06,3.21144e-06
24.4833,0.144374,0.00170823,4.22557e-06,3.46497e-06
24.5,0.144388,0.00170992,4.64813e-06,3.80302e-06
24.5167,0.144405,0.0017122,3.97204e-06,2.9579e-06
24.5333,0.144418,0.00171448,5.83129e-06,4.81715e-06
24.55,0.144432,0.00171448,4.73264e-06,3.88753e-06
24.5667,0.144449,0.0017155,3.80302e-06,2.9579e-06
24.5833,0.144464,0.00171888,3.63399e-06,2.61985e-06
24.6,0.144478,0.00172048,3.29595e-06,2.1973e-06
24.6167,0.144492,0.00172099,3.80302e-06,2.70437e-06
24.6333,0.144507,0.0017231,3.46497e-06,2.45083e-06
24.65,0.144522,0.00172446,3.80302e-06,2.87339e-06
24.6667,0.144537,0.00172648,3.46497e-06,2.11279e-06
24.6833,0.144551,0.00172741,3.80302e-06,2.70437e-06
24.7,0.144564,0.00172953,3.63399e-06,2.45083e-06
24.7167,0.14458,0.00173139,3.7185e-06,2.36632e-06
24.7333,0.144596,0.00173282,3.46497e-06,2.1973e-06
24.75,0.14461,0.00173494,4.47911e-06,3.21144e-06
24.7667,0.144624,0.00173646,3.80302e-06,2.78888e-06
24.7833,0.144637,0.00173874,3.54948e-06,2.36632e-06
24.8,0.144652,0.00173941,4.31008e-06,3.38046e-06
24.8167,0.144667,0.00174187,4.14106e-06,3.46497e-06
24.8333,0.144681,0.00174381,3.80302e-06,3.21144e-06
24.85,0.144696,0.00174474,4.05655e-06,4.05655e-06
24.8667,0.144709,0.0017466,3.80302e-06,2.9579e-06
24.8833,0.144725,0.00174711,3.54948e-06,3.38046e-06
24.9,0.14474,0.0017488,4.47911e-06,4.05655e-06
24.9167,0.144754,0.00175023,4.14106e-06,3.88753e-06
24.9333,0.144769,0.0017542,3.7185e-06,3.38046e-06
24.95,0.144784,0.00175463,5.23971e-06,4.64813e-06
24.9667,0.144799,0.00175674,3.04241e-06,2.78888e-06
24.9833,0.144812,0.00175818,3.12692e-06,2.61985e-06
25,0.144827,0.00175936,3.21144e-06,2.11279e-06
25.0167,0.144841,0.0017624,3.80302e-06,2.78888e-06
25.0333,0.144855,0.00176401,3.7185e-06,3.29595e-06
25.05,0.14487,0.00176426,3.97204e-06,3.80302e-06
25.0667,0.144884,0.00176637,3.88753e-06,3.12692e-06
25.0833,0.144899,0.00176806,2.9579e-06,2.9579e-06
25.1,0.144914,0.00176891,3.04241e-06,2.45083e-06
25.1167,0.144928,0.00177068,2.61985e-06,1.77474e-06
25.1333,0.144944,0.00177237,2.45083e-06,2.1973e-06
25.15,0.144957,0.00177483,2.70437e-06,2.11279e-06
25.1667,0.144971,0.00177542,3.88753e-06,3.29595e-06
25.1833,0.144985,0.00177744,3.21144e-06,2.70437e-06
25.2,0.145,0.00177973,2.61985e-06,2.53534e-06
25.2167,0.145014,0.00178175,2.1973e-06,1.69023e-06
25.2333,0.145029,0.00178378,1.94376e-06,1.60572e-06
25.25,0.145043,0.00178522,2.87339e-06,2.53534e-06
25.2667,0.145057,0.00178632,2.45083e-06,2.28181e-06
25.2833,0.145073,0.00178885,3.04241e-06,2.45083e-06
25.3,0.145087,0.00179114,3.29595e-06,2.45083e-06
25.3167,0.145101,0.00179316,3.38046e-06,3.04241e-06
25.3333,0.145115,0.00179494,3.12692e-06,2.45083e-06
25.35,0.145131,0.00179773,3.80302e-06,3.46497e-06
25.3667,0.145145,0.0017984,3.54948e-06,3.21144e-06
25.3833,0.14516,0.00179883,2.02827e-06,1.69023e-06
25.4,0.145173,0.00180085,3.21144e-06,2.87339e-06
25.4167,0.145189,0.00180297,3.29595e-06,2.36632e-06
25.4333,0.145202,0.00180364,2.53534e-06,1.52121e-06
25.45,0.145216,0.00180516,3.38046e-06,2.61985e-06
25.4667,0.14523,0.00180643,2.36632e-06,2.28181e-06
25.4833,0.145246,0.00180905,9.29626e-07,0
25.5,0.145259,0.00181074,1.09865e-06,4.22557e-07
25.5167,0.145274,0.00181362,1.18316e-06,6.76092e-07
25.5333,0.145288,0.00181488,3.7185e-06,3.21144e-06
25.55,0.145302,0.00181708,1.60572e-06,1.09865e-06
25.5667,0.145319,0.00181852,2.87339e-06,2.1973e-06
25.5833,0.145332,0.00182046,2.11279e-06,1.94376e-06
25.6,0.145346,0.00182393,1.77474e-06,1.43669e-06
25.6167,0.14536,0.00182621,9.29626e-07,8.45115e-07
25.6333,0.145373,0.00182579,1.77474e-06,1.52121e-06
25.65,0.145387,0.00182925,2.87339e-06,2.78888e-06
25.6667,0.145402,0.00183086,2.78888e-06,2.1973e-06
25.6833,0.145416,0.00183246,2.70437e-06,2.11279e-06
25.7,0.145429,0.00183348,2.61985e-06,2.02827e-06
25.7167,0.145444,0.00183525,3.29595e-06,2.45083e-06
25.7333,0.145457,0.00183703,2.87339e-06,2.61985e-06
25.75,0.145471,0.00183812,1.43669e-06,1.18316e-06
25.7667,0.145485,0.00184015,2.11279e-06,1.43669e-06
25.7833,0.145499,0.00184353,1.52121e-06,1.09865e-06
25.8,0.145513,0.0018459,2.1973e-06,2.1973e-06
25.8167,0.145527,0.00184649,1.77474e-06,1.52121e-06
25.8333,0.14554,0.00184911,2.45083e-06,2.11279e-06
25.85,0.145553,0.00185012,2.36632e-06,1.69023e-06
25.8667,0.145566,0.00185198,1.26767e-06,1.01414e-06
25.8833,0.14558,0.00185384,2.45083e-06,2.28181e-06
25.9,0.145595,0.00185587,1.77474e-06,1.35218e-06
25.9167,0.145609,0.00185883,3.46497e-06,2.78888e-06
25.9333,0.145623,0.00186136,2.53534e-06,2.02827e-06
25.95,0.145636,0.00186314,2.87339e-06,2.78888e-06
25.9667,0.14565,0.00186475,2.61985e-06,2.78888e-06
25.9833,0.145664,0.0018672,3.21144e-06,2.9579e-06
26,0.145679,0.00186956,1.26767e-06,1.26767e-06
26.0167,0.145693,0.00187142,2.11279e-06,1.43669e-06
26.0333,0.145707,0.00187345,2.36632e-06,2.61985e-06
26.05,0.145721,0.00187514,3.21144e-06,2.87339e-06
26.0667,0.145735,0.00187835,3.7185e-06,3.63399e-06
26.0833,0.145749,0.00187877,3.54948e-06,2.53534e-06
26.1,0.145762,0.00188106,2.28181e-06,2.36632e-06
26.1167,0.145777,0.00188224,2.45083e-06,3.04241e-06
26.1333,0.145791,0.00188444,2.78888e-06,2.78888e-06
26.15,0.145805,0.00188604,2.70437e-06,2.61985e-06
26.1667,0.145818,0.00188824,3.29595e-06,2.87339e-06
26.1833,0.145831,0.00189077,3.29595e-06,3.54948e-06
26.2,0.145846,0.00189221,1.77474e-06,2.1973e-06
26.2167,0.145859,0.00189458,2.9579e-06,2.45083e-06
26.2333,0.145872,0.00189661,2.53534e-06,1.85925e-06
26.25,0.145885,0.0018983,3.21144e-06,2.9579e-06
26.2667,0.145901,0.00190032,4.05655e-06,4.22557e-06
26.2833,0.145915,0.00190337,3.88753e-06,3.80302e-06
26.3,0.145928,0.00190556,4.56362e-06,4.14106e-06
26.3167,0.145941,0.00190751,4.3946e-06,4.31008e-06
26.3333,0.145953,0.00190962,3.97204e-06,3.7185e-06
26.35,0.145967,0.00191199,3.7185e-06,3.63399e-06
26.3667,0.145982,0.00191342,3.63399e-06,3.88753e-06
26.3833,0.145995,0.00191638,4.56362e-06,4.3946e-06
26.4,0.146009,0.00191942,4.14106e-06,3.97204e-06
26.4167,0.146023,0.0019201,3.54948e-06,3.38046e-06
26.4333,0.146037,0.00192331,3.63399e-06,3.12692e-06
26.45,0.146049,0.00192509,3.88753e-06,3.7185e-06
26.4667,0.146064,0.00192652,3.54948e-06,3.54948e-06
26.4833,0.146077,0.00192804,4.98618e-06,4.47911e-06
26.5,0.146091,0.00192931,4.3946e-06,3.97204e-06
26.5167,0.146105,0.0019305,3.04241e-06,2.45083e-06
26.5333,0.146118,0.00193261,3.63399e-06,3.7185e-06
26.55,0.146133,0.00193396,4.05655e-06,3.88753e-06
26.5667,0.146146,0.00193607,3.7185e-06,2.9579e-06
26.5833,0.14616,0.00193852,2.9579e-06,2.53534e-06
26.6,0.146174,0.00194114,4.81715e-06,4.64813e-06
26.6167,0.146187,0.00194334,4.31008e-06,4.31008e-06
26.6333,0.146201,0.00194503,4.22557e-06,4.14106e-06
26.65,0.146215,0.00194714,3.88753e-06,3.46497e-06
26.6667,0.14623,0.00194934,3.21144e-06,2.9579e-06
26.6833,0.146243,0.00195095,3.12692e-06,3.12692e-06
26.7,0.146256,0.00195154,3.46497e-06,3.29595e-06
26.7167,0.146271,0.00195416,3.63399e-06,4.05655e-06
26.7333,0.146283,0.00195526,3.63399e-06,3.7185e-06
26.75,0.146298,0.00195889,3.54948e-06,3.63399e-06
26.7667,0.146312,0.00195982,3.29595e-06,3.63399e-06
26.7833,0.146325,0.00196236,3.12692e-06,2.87339e-06
26.8,0.14634,0.00196362,2.78888e-06,2.53534e-06
26.8167,0.146354,0.00196464,1.77474e-06,1.69023e-06
26.8333,0.146366,0.00196607,3.12692e-06,2.70437e-06
26.85,0.146381,0.00196954,1.69023e-06,2.11279e-06
26.8667,0.146395,0.00197106,2.61985e-06,2.61985e-06
26.8833,0.146408,0.0019741,2.45083e-06,2.78888e-06
26.9,0.146421,0.00197529,2.87339e-06,2.78888e-06
26.9167,0.146435,0.00197672,7.60603e-07,1.69023e-07
26.9333,0.146449,0.00197943,2.11279e-06,1.85925e-06
26.95,0.146463,0.0019823,2.02827e-06,1.52121e-06
26.9667,0.146477,0.00198568,1.43669e-06,1.26767e-06
26.9833,0.146489,0.0019872,3.04241e-06,3.04241e-06
27,0.146504,0.00198982,3.63399e-06,3.46497e-06
27.0167,0.146517,0.0019921,3.7185e-06,3.54948e-06
27.0333,0.146532,0.00199388,2.87339e-06,3.04241e-06
27.05,0.146545,0.00199591,3.04241e-06,3.46497e-06
27.0667,0.14656,0.00199853,2.53534e-06,3.21144e-06
27.0833,0.146571,0.00200072,3.29595e-06,3.54948e-06
27.1,0.146585,0.00200216,3.54948e-06,3.80302e-06
27.1167,0.146598,0.00200377,2.78888e-06,2.9579e-06
27.1333,0.146611,0.00200723,2.28181e-06,2.70437e-06
27.15,0.146625,0.00200934,1.52121e-06,1.77474e-06
27.1667,0.146638,0.00201103,2.45083e-06,3.04241e-06
27.1833,0.146653,0.00201247,1.43669e-06,1.60572e-06
27.2,0.146667,0.00201467,1.94376e-06,2.53534e-06
27.2167,0.14668,0.00201678,1.94376e-06,2.36632e-06
27.2333,0.146693,0.00201915,1.18316e-06,1.26767e-06
27.25,0.146706,0.00202042,1.26767e-06,1.60572e-06
27.2667,0.146719,0.00202447,1.52121e-06,1.01414e-06
27.2833,0.146733,0.00202506,6.76092e-07,1.01414e-06
27.3,0.146747,0.00202794,1.60572e-06,1.69023e-06
27.3167,0.146761,0.0020287,1.43669e-06,1.35218e-06
27.3333,0.146775,0.00203174,1.69023e-06,2.11279e-06
27.35,0.146789,0.00203326,1.18316e-06,1.35218e-06
27.3667,0.146803,0.00203563,1.35218e-06,1.01414e-06
27.3833,0.146815,0.00203901,6.76092e-07,7.60603e-07
27.4,0.146829,0.00204171,5.07069e-07,5.07069e-07
27.4167,0.146843,0.00204425,7.60603e-07,1.35218e-06
27.4333,0.146855,0.00204552,1.52121e-06,1.85925e-06
27.45,0.146869,0.0020478,1.60572e-06,1.60572e-06
27.4667,0.146882,0.00205033,1.94376e-06,2.28181e-06
27.4833,0.146896,0.0020527,1.43669e-06,1.94376e-06
27.5,0.14691,0.00205574,1.85925e-06,1.85925e-06
27.5167,0.146923,0.00205845,2.28181e-06,2.45083e-06
27.5333,0.146938,0.00206039,1.94376e-06,2.1973e-06
27.55,0.146951,0.00206369,1.52121e-06,1.77474e-06
27.5667,0.146964,0.00206563,1.94376e-06,1.94376e-06
27.5833,0.146977,0.00206715,1.77474e-06,2.02827e-06
27.6,0.146991,0.00206935,1.77474e-06,2.1973e-06
27.6167,0.147004,0.00207231,1.77474e-06,2.9579e-06
27.6333,0.147018,0.00207416,1.85925e-06,2.45083e-06
27.65,0.147031,0.00207678,5.9158e-07,1.26767e-06
27.6667,0.147043,0.00208,5.9158e-07,1.26767e-06
27.6833,0.147058,0.00208109,9.29626e-07,1.52121e-06
27.7,0.147072,0.00208405,1.01414e-06,1.52121e-06
27.7167,0.147085,0.00208583,2.87339e-06,3.80302e-06
27.7333,0.147097,0.00208862,6.76092e-07,1.85925e-06
27.75,0.147112,0.00209174,5.9158e-07,1.60572e-06
27.7667,0.147126,0.0020936,4.22557e-07,5.9158e-07
27.7833,0.147139,0.00209479,4.22557e-07,8.45115e-07
27.8,0.147153,0.00209808,8.45115e-07,1.69023e-06
27.8167,0.147167,0.0021007,9.29626e-07,1.94376e-06
27.8333,0.14718,0.00210374,7.60603e-07,1.69023e-06
27.85,0.147193,0.00210577,3.38046e-07,9.29626e-07
27.8667,0.147206,0.0021089,2.53534e-07,5.9158e-07
27.8833,0.147219,0.00211101,3.38046e-07,5.9158e-07
27.9,0.147232,0.00211405,9.29626e-07,1.94376e-06
27.9167,0.147246,0.00211617,1.69023e-07,1.09865e-06
27.9333,0.147259,0.00211819,4.22557e-07,9.29626e-07
27.95,0.147272,0.00212132,8.45115e-07,1.35218e-06
27.9667,0.147286,0.00212394,9.29626e-07,1.43669e-06
27.9833,0.147299,0.00212555,8.45114e-08,5.07069e-07
28,0.147315,0.00212867,1.69023e-07,9.29626e-07
28.0167,0.147328,0.00213036,8.45115e-07,4.22557e-07
28.0333,0.147341,0.00213324,7.60603e-07,3.38046e-07
28.05,0.147354,0.00213687,2.45083e-06,1.43669e-06
28.0667,0.147366,0.00213831,1.09865e-06,3.38046e-07
28.0833,0.14738,0.00214144,8.45115e-07,4.22557e-07
28.1,0.147393,0.00214397,6.76092e-07,3.38046e-07
28.1167,0.147408,0.00214794,2.53534e-07,6.76092e-07
28.1333,0.147421,0.00215039,7.60603e-07,3.38046e-07
28.15,0.147434,0.00215268,9.29626e-07,1.60572e-06
28.1667,0.147448,0.00215656,9.29626e-07,1.77474e-06
28.1833,0.14746,0.00215808,1.26767e-06,1.60572e-06
28.2,0.147474,0.0021618,7.60603e-07,1.43669e-06
28.2167,0.147488,0.00216442,1.43669e-06,1.77474e-06
28.2333,0.147502,0.00216797,1.43669e-06,2.02827e-06
28.25,0.147515,0.00217042,3.38046e-07,1.43669e-06
28.2667,0.147528,0.0021727,6.76092e-07,1.18316e-06
28.2833,0.147541,0.00217642,1.26767e-06,1.52121e-06
28.3,0.147555,0.00217938,1.26767e-06,1.94376e-06
28.3167,0.147567,0.00218276,1.60572e-06,2.28181e-06
28.3333,0.147581,0.00218462,1.60572e-06,2.1973e-06
28.35,0.147595,0.00218699,1.94376e-06,2.53534e-06
28.3667,0.147607,0.00218927,9.29626e-07,1.94376e-06
28.3833,0.147623,0.00219366,5.9158e-07,1.26767e-06
28.4,0.147635,0.00219679,5.9158e-07,1.43669e-06
28.4167,0.147648,0.00220076,1.69023e-07,1.26767e-06
28.4333,0.147662,0.00220338,3.38046e-07,1.43669e-06
28.45,0.147675,0.0022071,1.60572e-06,2.36632e-06
28.4667,0.147689,0.00221031,5.9158e-07,1.26767e-06
28.4833,0.147701,0.00221386,1.43669e-06,1.85925e-06
28.5,0.147715,0.00221657,2.28181e-06,2.78888e-06
28.5167,0.147728,0.00221952,2.45083e-06,3.21144e-06
28.5333,0.147743,0.00222172,1.01414e-06,2.11279e-06
28.55,0.147756,0.00222552,4.22557e-07,1.43669e-06
28.5667,0.14777,0.00222941,1.94376e-06,2.53534e-06
28.5833,0.147783,0.00223136,1.26767e-06,1.77474e-06
28.6,0.147795,0.00223533,1.52121e-06,2.1973e-06
28.6167,0.147809,0.00223888,1.69023e-06,2.28181e-06
28.6333,0.147822,0.002242,1.26767e-06,2.45083e-06
28.65,0.147835,0.00224395,8.45114e-08,9.29626e-07
28.6667,0.147849,0.00224724,8.45114e-08,1.60572e-06
28.6833,0.147863,0.00225071,1.69023e-07,8.45115e-07
28.7,0.147877,0.00225527,8.45114e-08,6.76092e-07
28.7167,0.147891,0.00225815,8.45114e-08,1.01414e-06
28.7333,0.147903,0.00226144,5.9158e-07,4.22557e-07
28.75,0.147916,0.0022644,4.22557e-07,1.35218e-06
28.7667,0.147929,0.00226761,9.29626e-07,1.69023e-06
28.7833,0.147941,0.00227234,5.07069e-07,1.35218e-06
28.8,0.147955,0.0022753,2.53534e-07,7.60603e-07
28.8167,0.147969,0.00227995,2.53534e-07,1.43669e-06
28.8333,0.147983,0.00228358,1.18316e-06,2.53534e-07
28.85,0.147995,0.0022862,3.38046e-07,1.09865e-06
28.8667,0.148007,0.0022895,8.45114e-08,8.45115e-07
28.8833,0.148021,0.00229229,0,8.45115e-07
28.9,0.148034,0.00229592,0,1.18316e-06
28.9167,0.148047,0.00229939,1.69023e-07,1.69023e-06
28.9333,0.14806,0.00230353,1.09865e-06,3.38046e-07
28.95,0.148072,0.00230835,3.38046e-07,4.22557e-07
28.9667,0.148086,0.00231164,5.07069e-07,1.77474e-06
28.9833,0.1481,0.00231604,1.18316e-06,1.94376e-06
29,0.148113,0.00231899,1.69023e-07,1.35218e-06
29.0167,0.148125,0.00232314,1.69023e-07,1.01414e-06
29.0333,0.148138,0.00232652,5.07069e-07,1.69023e-07
29.05,0.148151,0.00233159,1.52121e-06,2.36632e-06
29.0667,0.148166,0.00233539,1.94376e-06,3.21144e-06
29.0833,0.148179,0.00233877,5.07069e-07,1.35218e-06
29.1,0.148192,0.00234418,1.60572e-06,2.36632e-06
29.1167,0.148206,0.00234731,2.36632e-06,3.46497e-06
29.1333,0.148219,0.00235238,2.11279e-06,3.21144e-06
29.15,0.148231,0.00235466,2.02827e-06,3.46497e-06
29.1667,0.148245,0.00236032,3.97204e-06,4.73264e-06
29.1833,0.14826,0.00236438,3.04241e-06,3.88753e-06
29.2,0.148272,0.00236903,2.28181e-06,3.29595e-06
29.2167,0.148284,0.00237249,2.1973e-06,3.21144e-06
29.2333,0.148298,0.00237562,2.11279e-06,2.78888e-06
29.25,0.148312,0.00237934,2.36632e-06,3.12692e-06
29.2667,0.148324,0.00238381,1.43669e-06,2.45083e-06
29.2833,0.148338,0.00238973,1.85925e-06,2.36632e-06
29.3,0.148351,0.00239463,2.53534e-06,3.46497e-06
29.3167,0.148366,0.00239835,2.53534e-06,3.38046e-06
29.3333,0.148379,0.00240291,2.70437e-06,3.38046e-06
29.35,0.148391,0.00240613,2.61985e-06,3.7185e-06
29.3667,0.148404,0.00241094,2.02827e-06,2.78888e-06
29.3833,0.148418,0.002415,1.85925e-06,3.04241e-06
29.4,0.148431,0.00242015,9.29626e-07,1.69023e-06
29.4167,0.148445,0.00242379,9.29626e-07,1.35218e-06
29.4333,0.148458,0.00242903,1.01414e-06,2.02827e-06
29.45,0.148472,0.00243266,9.29626e-07,2.02827e-06
29.4667,0.148485,0.00243714,2.53534e-07,1.09865e-06
29.4833,0.148498,0.00244044,8.45115e-07,1.85925e-06
29.5,0.148511,0.00244576,4.22557e-07,1.60572e-06
29.5167,0.148524,0.00245016,4.22557e-07,1.35218e-06
29.5333,0.148537,0.0024559,5.07069e-07,1.26767e-06
29.55,0.148549,0.00246021,8.45115e-07,1.60572e-06
29.5667,0.148563,0.00246528,1.69023e-06,2.70437e-06
29.5833,0.148578,0.00247221,1.85925e-06,2.9579e-06
29.6,0.148591,0.00247771,1.60572e-06,2.87339e-06
29.6167,0.148604,0.00248143,9.29626e-07,2.36632e-06
29.6333,0.148617,0.00248633,1.77474e-06,3.46497e-06
29.65,0.148631,0.00249123,3.38046e-07,1.43669e-06
29.6667,0.148644,0.00249486,5.07069e-07,1.94376e-06
29.6833,0.148658,0.00250061,8.45115e-07,2.36632e-06
29.7,0.148672,0.00250653,1.09865e-06,2.36632e-06
29.7167,0.148686,0.00251126,1.69023e-06,3.12692e-06
29.7333,0.148697,0.00251633,1.77474e-06,2.78888e-06
29.75,0.14871,0.00252115,1.94376e-06,2.87339e-06
29.7667,0.148723,0.0025274,8.45115e-07,3.38046e-07
29.7833,0.148737,0.00253348,3.38046e-07,1.18316e-06
29.8,0.14875,0.0025394,6.76092e-07,1.60572e-06
29.8167,0.148764,0.00254413,1.26767e-06,2.36632e-06
29.8333,0.148777,0.00255039,1.18316e-06,2.70437e-06
29.85,0.148792,0.00255613,2.78888e-06,3.97204e-06
29.8667,0.148805,0.00256163,1.26767e-06,2.36632e-06
29.8833,0.148818,0.00256661,3.38046e-07,1.52121e-06
29.9,0.148831,0.00257304,6.76092e-07,2.28181e-06
29.9167,0.148844,0.00257904,1.09865e-06,2.1973e-06
29.9333,0.148857,0.00258588,7.60603e-07,2.02827e-06
29.95,0.14887,0.00259163,1.18316e-06,2.45083e-06
29.9667,0.148883,0.00259729,1.52121e-06,2.61985e-06
29.9833,0.148897,0.00260321,1.77474e-06,2.9579e-06
30,0.148909,0.00260921,1.43669e-06,2.61985e-06
30.0167,0.148922,0.00261504,1.43669e-06,3.04241e-06
30.0333,0.148935,0.00262095,0,1.60572e-06
30.05,0.148948,0.0026267,2.53534e-07,2.02827e-06
30.0667,0.14896,0.00263456,6.76092e-07,2.36632e-06
30.0833,0.148974,0.00264081,1.69023e-06,3.21144e-06
30.1,0.148987,0.00264724,1.26767e-06,2.53534e-06
30.1167,0.149,0.00265298,1.85925e-06,3.63399e-06
30.1333,0.149013,0.00266051,3.29595e-06,4.05655e-06
30.15,0.149025,0.00266651,1.69023e-06,3.21144e-06
30.1667,0.149039,0.00267293,2.11279e-06,3.29595e-06
30.1833,0.149052,0.0026802,2.1973e-06,2.9579e-06
30.2,0.149066,0.00268738,2.70437e-06,4.56362e-06
30.2167,0.149079,0.00269406,3.54948e-06,5.07069e-06
30.2333,0.149092,0.00270158,2.45083e-06,3.88753e-06
30.25,0.149105,0.00270876,1.94376e-06,3.54948e-06
30.2667,0.149118,0.00271552,4.3946e-06,5.57776e-06
30.2833,0.149131,0.0027238,3.46497e-06,4.73264e-06
30.3,0.149145,0.00273166,2.36632e-06,4.31008e-06
30.3167,0.149159,0.00273859,3.7185e-06,5.57776e-06
30.3333,0.149171,0.00274561,3.63399e-06,5.32422e-06
30.35,0.149184,0.00275152,3.7185e-06,4.73264e-06
30.3667,0.149199,0.00275905,3.38046e-06,5.23971e-06
30.3833,0.149211,0.00276665,2.9579e-06,4.22557e-06
30.4,0.149224,0.00277434,2.1973e-06,3.54948e-06
30.4167,0.149238,0.00278203,2.11279e-06,3.97204e-06
30.4333,0.14925,0.00278981,2.11279e-06,3.97204e-06
30.45,0.149262,0.00279657,7.60603e-07,2.11279e-06
30.4667,0.149276,0.00280477,8.45115e-07,2.1973e-06
30.4833,0.14929,0.0028133,1.09865e-06,2.87339e-06
30.5,0.149302,0.00282167,2.11279e-06,3.88753e-06
30.5167,0.149316,0.00282927,1.35218e-06,3.04241e-06
30.5333,0.149329,0.00283832,1.85925e-06,3.80302e-06
30.55,0.149342,0.00284542,1.52121e-06,3.46497e-06
30.5667,0.149356,0.00285412,2.11279e-06,3.54948e-06
30.5833,0.149369,0.00286333,1.26767e-06,3.12692e-06
30.6,0.149382,0.00287161,1.26767e-06,3.29595e-06
30.6167,0.149396,0.00288083,1.18316e-06,3.29595e-06
30.6333,0.149408,0.00289004,8.45115e-07,2.45083e-06
30.65,0.149421,0.00289866,8.45114e-08,2.02827e-06
30.6667,0.149436,0.00290719,8.45114e-08,2.1973e-06
30.6833,0.149449,0.00291717,1.09865e-06,3.63399e-06
30.7,0.149462,0.00292663,1.52121e-06,3.21144e-06
30.7167,0.149473,0.00293652,1.09865e-06,3.54948e-06
30.7333,0.149488,0.00294497,2.70437e-06,4.56362e-06
30.75,0.149501,0.00295469,2.1973e-06,4.31008e-06
30.7667,0.149513,0.0029639,2.53534e-06,4.73264e-06
30.7833,0.149527,0.0029743,1.69023e-06,3.7185e-06
30.8,0.149539,0.002983,1.52121e-06,4.05655e-06
30.8167,0.149553,0.00299314,5.07069e-07,3.38046e-06
30.8333,0.149567,0.00300371,4.22557e-07,3.12692e-06
30.85,0.14958,0.00301503,9.29626e-07,2.78888e-06
30.8667,0.149592,0.00302466,5.9158e-07,2.78888e-06
30.8833,0.149607,0.00303506,5.07069e-07,2.9579e-06
30.9,0.14962,0.00304545,1.85925e-06,3.7185e-06
30.9167,0.149633,0.00305712,9.29626e-07,2.78888e-06
30.9333,0.149647,0.0030687,1.60572e-06,3.80302e-06
30.95,0.14966,0.00307926,8.45115e-07,3.29595e-06
30.9667,0.149673,0.00308991,1.77474e-06,3.88753e-06
30.9833,0.149687,0.00309996,2.53534e-06,4.14106e-06
31,0.1497,0.00311129,2.36632e-06,4.90166e-06
31.0167,0.149713,0.00312337,1.18316e-06,3.63399e-06
31.0333,0.149726,0.0031347,1.35218e-06,3.80302e-06
31.05,0.14974,0.00314788,1.69023e-06,3.97204e-06
31.0667,0.149751,0.00315963,2.53534e-06,5.23971e-06
31.0833,0.149765,0.00317062,3.29595e-06,5.40873e-06
31.1,0.149778,0.00318372,1.69023e-06,4.14106e-06
31.1167,0.149792,0.00319589,1.69023e-06,4.14106e-06
31.1333,0.149805,0.00320958,1.35218e-06,3.88753e-06
31.15,0.149819,0.00322225,1.94376e-06,4.14106e-06
31.1667,0.149832,0.00323375,2.1973e-06,4.64813e-06
31.1833,0.149845,0.00324778,2.9579e-06,5.57776e-06
31.2,0.149858,0.00326062,3.04241e-06,5.40873e-06
31.2167,0.149871,0.00327338,1.94376e-06,4.47911e-06
31.2333,0.149884,0.00328885,2.36632e-06,4.73264e-06
31.25,0.149899,0.00330161,2.02827e-06,4.47911e-06
31.2667,0.149911,0.00331572,1.43669e-06,3.46497e-06
31.2833,0.149925,0.00332815,7.60603e-07,3.38046e-06
31.3,0.149937,0.00334336,8.45114e-08,2.36632e-06
31.3167,0.149951,0.00335874,8.45115e-07,1.43669e-06
31.3333,0.149966,0.0033753,2.53534e-07,2.9579e-06
31.35,0.149978,0.00338857,1.43669e-06,3.97204e-06
31.3667,0.149991,0.00340353,2.11279e-06,4.56362e-06
31.3833,0.150003,0.00341798,1.60572e-06,4.64813e-06
31.4,0.150018,0.00343252,1.35218e-06,4.22557e-06
31.4167,0.150031,0.00344849,1.26767e-06,4.31008e-06
31.4333,0.150044,0.00346328,5.07069e-07,3.46497e-06
31.45,0.150057,0.00347976,7.60603e-07,3.88753e-06
31.4667,0.150071,0.00349649,1.09865e-06,4.14106e-06
31.4833,0.150085,0.00351246,4.22557e-07,2.9579e-06
31.5,0.150097,0.00352979,6.76092e-07,2.70437e-06
31.5167,0.150111,0.00354542,6.76092e-07,2.53534e-06
31.5333,0.150125,0.00356402,2.53534e-07,2.78888e-06
31.55,0.150138,0.003581,2.53534e-07,3.04241e-06
31.5667,0.150151,0.00359782,7.60603e-07,3.54948e-06
31.5833,0.150164,0.00361506,2.53534e-07,3.12692e-06
31.6,0.150176,0.00363399,6.76092e-07,2.78888e-06
31.6167,0.150191,0.00365267,8.45114e-08,3.29595e-06
31.6333,0.150204,0.00367143,1.18316e-06,1.94376e-06
31.65,0.150216,0.00368935,1.35218e-06,2.02827e-06
31.6667,0.150228,0.00370878,6.76092e-07,3.21144e-06
31.6833,0.150242,0.00372729,1.01414e-06,2.9579e-06
31.7,0.150255,0.00374859,1.60572e-06,2.28181e-06
31.7167,0.150267,0.0037682,1.69023e-07,3.54948e-06
31.7333,0.15028,0.00378763,1.69023e-07,4.14106e-06
31.75,0.150294,0.00380986,3.38046e-07,4.31008e-06
31.7667,0.150309,0.00383014,8.45115e-07,4.3946e-06
31.7833,0.150321,0.00385271,1.69023e-07,3.7185e-06
31.8,0.150334,0.00387215,1.69023e-07,3.7185e-06
31.8167,0.150348,0.00389547,2.53534e-07,3.46497e-06
31.8333,0.15036,0.00391804,5.07069e-07,4.05655e-06
31.85,0.150374,0.00394111,5.07069e-07,2.61985e-06
31.8667,0.150388,0.00396477,6.76092e-07,2.78888e-06
31.8833,0.150399,0.00398615,9.29626e-07,3.04241e-06
31.9,0.150414,0.0040088,2.53534e-07,3.80302e-06
31.9167,0.150428,0.00403441,3.38046e-07,3.54948e-06
31.9333,0.150442,0.00405773,3.38046e-07,4.14106e-06
31.95,0.150454,0.004083,1.01414e-06,3.54948e-06
31.9667,0.150467,0.00410759,3.38046e-07,4.31008e-06
31.9833,0.15048,0.00413396,1.69023e-07,4.73264e-06
32,0.150494,0.00415932,9.29626e-07,4.64813e-06
32.0167,0.150508,0.00418619,6.76092e-07,4.22557e-06
32.0333,0.15052,0.00421239,1.69023e-07,4.3946e-06
32.05,0.150534,0.00423842,3.38046e-07,4.05655e-06
32.0667,0.150547,0.00426597,8.45115e-07,3.88753e-06
32.0833,0.15056,0.00429352,1.01414e-06,3.21144e-06
32.1,0.150574,0.00432293,1.85925e-06,2.53534e-06
32.1167,0.150587,0.00435302,1.52121e-06,3.04241e-06
32.1333,0.150601,0.00438158,6.76092e-07,4.56362e-06
32.15,0.150613,0.00441065,5.07069e-07,4.90166e-06
32.1667,0.150626,0.00444125,0,4.90166e-06
32.1833,0.150639,0.0044715,0,5.07069e-06
32.2,0.150652,0.00450277,6.76092e-07,4.56362e-06
32.2167,0.150665,0.00453387,0,4.73264e-06
32.2333,0.150678,0.004567,8.45115e-07,4.3946e-06
32.25,0.150693,0.00459793,1.69023e-07,5.07069e-06
32.2667,0.150706,0.00463038,1.69023e-07,5.23971e-06
32.2833,0.150719,0.00466452,1.52121e-06,6.42287e-06
32.3,0.150734,0.00469833,8.45115e-07,6.42287e-06
32.3167,0.150747,0.00473366,0,4.90166e-06
32.3333,0.15076,0.0047683,2.02827e-06,3.38046e-06
32.35,0.150772,0.00480465,1.85925e-06,3.38046e-06
32.3667,0.150787,0.00484149,1.69023e-06,3.7185e-06
32.3833,0.150799,0.00487935,2.1973e-06,4.22557e-06
32.4,0.150813,0.00491705,2.1973e-06,2.87339e-06
32.4167,0.150826,0.00495508,1.18316e-06,4.73264e-06
32.4333,0.150841,0.00499496,1.69023e-07,5.40873e-06
32.45,0.150853,0.00503418,1.01414e-06,6.92994e-06
32.4667,0.150867,0.0050761,3.04241e-06,8.62017e-06
32.4833,0.15088,0.00511531,2.1973e-06,8.28212e-06
32.5,0.150893,0.00515773,5.07069e-07,6.76092e-06
32.5167,0.150905,0.00519948,8.45115e-07,6.25385e-06
32.5333,0.150919,0.0052436,1.85925e-06,7.26798e-06
32.55,0.150933,0.0052867,2.36632e-06,8.1131e-06
32.5667,0.150946,0.00533081,2.02827e-06,7.43701e-06
32.5833,0.15096,0.00537611,1.69023e-07,5.9158e-06
32.6,0.150973,0.00542225,3.38046e-07,6.08482e-06
32.6167,0.150987,0.00546772,1.01414e-06,6.76092e-06
32.6333,0.151,0.00551387,8.45115e-07,7.09896e-06
32.65,0.151014,0.0055617,1.69023e-06,6.76092e-06
32.6667,0.151027,0.00561072,6.76092e-07,7.26798e-06
32.6833,0.151039,0.00566041,5.07069e-07,6.76092e-06
32.7,0.151054,0.00571145,8.45115e-07,5.23971e-06
32.7167,0.151067,0.00576098,6.76092e-07,6.25385e-06
32.7333,0.15108,0.00581456,5.07069e-07,5.57776e-06
32.75,0.151094,0.00586679,1.52121e-06,4.73264e-06
32.7667,0.151106,0.0059202,0,6.08482e-06
32.7833,0.15112,0.00597631,6.76092e-07,5.23971e-06
32.8,0.151132,0.00603141,8.45115e-07,6.42287e-06
32.8167,0.151145,0.00608719,0,6.42287e-06
32.8333,0.15116,0.00614381,1.69023e-07,5.9158e-06
32.85,0.151174,0.00620246,8.45115e-07,6.08482e-06
32.8667,0.151188,0.00626247,5.07069e-07,6.08482e-06
32.8833,0.1512,0.0063223,3.38046e-07,6.59189e-06
32.9,0.151214,0.0063818,8.45115e-07,5.23971e-06
32.9167,0.151227,0.00644366,3.38046e-07,6.42287e-06
32.9333,0.15124,0.00650552,1.35218e-06,4.73264e-06
32.95,0.151253,0.00657026,1.35218e-06,5.57776e-06
32.9667,0.151267,0.00663415,1.69023e-07,6.42287e-06
32.9833,0.151281,0.00669905,1.69023e-07,6.92994e-06
33,0.151294,0.00675246,1.69023e-07,6.08482e-06
33.0167,0.151309,0.00682193,1.18316e-06,5.40873e-06
33.0333,0.151321,0.0068887,2.02827e-06,4.05655e-06
33.05,0.151335,0.00695664,1.52121e-06,5.23971e-06
33.0667,0.151348,0.00702713,1.80855e-05,1.21696e-05
33.0833,0.151362,0.00709812,1.4536e-05,7.94408e-06
33.1,0.151374,0.00716995,1.31838e-05,7.26798e-06
33.1167,0.151389,0.00724483,1.5043e-05,9.63431e-06
33.1333,0.151401,0.00731802,1.43669e-05,8.78919e-06
33.15,0.151415,0.00739239,1.57191e-05,9.29626e-06
33.1667,0.151428,0.00746676,1.4705e-05,9.29626e-06
33.1833,0.151442,0.00754518,1.40289e-05,8.28212e-06
33.2,0.151454,0.00761972,1.35218e-05,8.45114e-06
33.2167,0.151468,0.00769747,1.35218e-05,8.1131e-06
33.2333,0.151482,0.00777674,1.21696e-05,6.59189e-06
33.25,0.151495,0.00785534,1.30148e-05,8.45114e-06
33.2667,0.151507,0.00793343,1.31838e-05,8.78919e-06
33.2833,0.151523,0.00801135,1.4536e-05,9.63431e-06
33.3,0.151537,0.00809011,1.5043e-05,9.80333e-06
33.3167,0.151551,0.00817243,1.4536e-05,9.97235e-06
33.3333,0.151563,0.00825136,1.5043e-05,1.06484e-05
33.35,0.151577,0.00833266,1.40289e-05,1.01414e-05
33.3667,0.15159,0.00841345,1.31838e-05,9.12724e-06
33.3833,0.151603,0.00849306,1.20006e-05,8.95821e-06
33.4,0.151616,0.00857521,1.13245e-05,7.94408e-06
33.4167,0.15163,0.00865718,1.26767e-05,9.63431e-06
33.4333,0.151644,0.00873662,1.23387e-05,1.03104e-05
33.45,0.151658,0.00881437,1.14936e-05,9.12724e-06
33.4667,0.151671,0.00889229,1.26767e-05,9.97235e-06
33.4833,0.151685,0.00897258,1.06484e-05,9.29626e-06
33.5,0.151699,0.00905168,1.06484e-05,1.08175e-05
33.5167,0.151714,0.00912724,1.01414e-05,9.80333e-06
33.5333,0.151726,0.00920025,8.45114e-06,8.45114e-06
33.55,0.15174,0.00927412,5.57776e-06,7.26798e-06
33.5667,0.151753,0.00934426,4.22557e-06,6.25385e-06
33.5833,0.151766,0.00941018,3.7185e-06,7.94408e-06
33.6,0.151778,0.00947593,3.88753e-06,7.26798e-06
33.6167,0.151791,0.00953678,2.1973e-06,7.26798e-06
33.6333,0.151804,0.00959729,1.69023e-07,5.74678e-06
33.65,0.151819,0.00965341,1.69023e-07,6.59189e-06
33.6667,0.151832,0.00970563,0,6.76092e-06
33.6833,0.151846,0.00975702,5.07069e-07,7.60603e-06
33.7,0.15186,0.00980214,6.76092e-07,7.94408e-06
33.7167,0.151873,0.00984203,2.1973e-06,8.1131e-06
33.7333,0.151887,0.00987381,3.21144e-06,8.95821e-06
33.75,0.151901,0.00990238,4.73264e-06,8.78919e-06
33.7667,0.151914,0.00992452,4.3946e-06,9.97235e-06
33.7833,0.151927,0.00994024,5.40873e-06,9.97235e-06
33.8,0.151942,0.00994869,6.25385e-06,1.08175e-05
33.8167,0.151956,0.00995241,9.46528e-06,1.08175e-05
33.8333,0.151969,0.00994683,9.29626e-06,1.28457e-05
33.85,0.151982,0.00993094,1.33528e-05,1.16626e-05
33.8667,0.151995,0.00990728,1.5043e-05,1.11555e-05
33.8833,0.152009,0.00987144,1.77474e-05,9.29626e-06
33.9,0.152021,0.00982784,2.07898e-05,9.29626e-06
33.9167,0.152034,0.00977121,2.2311e-05,1.08175e-05
33.9333,0.152049,0.00970445,2.48464e-05,9.97235e-06
33.95,0.152062,0.00962552,2.77198e-05,1.03104e-05
33.9667,0.152075,0.00953627,2.9748e-05,1.13245e-05
33.9833,0.152089,0.00943266,3.29595e-05,1.03104e-05
34,0.152103,0.00931773,3.51568e-05,1.09865e-05
34.0167,0.152117,0.00918707,3.92133e-05,9.97235e-06
34.0333,0.15213,0.00904594,4.32699e-05,8.95821e-06
34.05,0.152143,0.00888824,4.4284e-05,1.08175e-05
34.0667,0.152158,0.0087155,4.86786e-05,1.04794e-05
34.0833,0.152171,0.00852721,5.12139e-05,1.14936e-05
34.1,0.152184,0.00832573,5.29042e-05,1.18316e-05
34.1167,0.152196,0.00811023,5.96651e-05,9.29626e-06
34.1333,0.15221,0.00787917,6.27075e-05,1.03104e-05
34.15,0.152224,0.00763206,6.59189e-05,1.03104e-05
34.1667,0.152236,0.00736991,6.91304e-05,1.01414e-05
34.1833,0.152251,0.00709271,7.53842e-05,8.62017e-06
34.2,0.152266,0.00680266,8.01169e-05,6.42287e-06
34.2167,0.152279,0.00649893,8.28212e-05,7.77505e-06
34.2333,0.152293,0.00617846,8.50185e-05,8.45114e-06
34.25,0.152306,0.00584616,9.05963e-05,6.25385e-06
34.2667,0.152321,0.00550508,9.49909e-05,5.07069e-06
34.2833,0.152335,0.00514945,9.80333e-05,4.3946e-06
34.3,0.152346,0.00478402,0.000100738,5.74678e-06
34.3167,0.152362,0.00440744,0.000104456,4.3946e-06
34.3333,0.152375,0.00402511,0.000106822,4.73264e-06
34.35,0.152388,0.00363501,0.000108513,5.40873e-06
34.3667,0.152403,0.00323848,0.000111217,6.42287e-06
34.3833,0.152417,0.00283654,0.000114259,5.07069e-06
34.4,0.15243,0.0024319,0.000116288,4.3946e-06
34.4167,0.152445,0.00202253,0.000114936,6.42287e-06
34.4333,0.152456,0.00161484,0.00011764,5.74678e-06
34.45,0.152471,0.00120784,0.00011764,6.76092e-06
34.4667,0.152484,0.000798126,0.00011933,5.40873e-06
34.4833,0.152498,0.00039619,0.000119668,5.40873e-06
34.5,0.152512,3.38046e-06,0.000121696,4.73264e-06
34.5167,0.152526,0.000395514,0.000121696,4.05655e-06
34.5333,0.15254,0.000782576,0.000120682,4.3946e-06
34.55,0.152553,0.00116017,0.000117978,6.42287e-06
34.5667,0.152567,0.00152797,0.00011595,7.43701e-06
34.5833,0.15258,0.00188697,0.000114936,7.09896e-06
34.6,0.152595,0.00223414,0.000111893,8.45114e-06
34.6167,0.152609,0.00256712,0.000110541,8.45114e-06
34.6333,0.152623,0.00289097,0.000107499,8.45114e-06
34.65,0.152637,0.00319927,0.000106146,7.09896e-06
34.6667,0.152649,0.00349489,0.000100738,1.11555e-05
34.6833,0.152663,0.00377682,9.80333e-05,1.08175e-05
34.7,0.152678,0.004041,9.6005e-05,9.46528e-06
34.7167,0.152692,0.00429031,9.29626e-05,1.04794e-05
34.7333,0.152707,0.00452576,9.11033e-05,8.78919e-06
34.75,0.152719,0.00474599,8.60327e-05,9.46528e-06
34.7667,0.152732,0.00495119,8.40044e-05,7.77505e-06
34.7833,0.152745,0.00514235,8.33283e-05,6.92994e-06
34.8,0.15276,0.00531983,7.77505e-05,7.94408e-06
34.8167,0.152773,0.00548175,7.70744e-05,5.57776e-06
34.8333,0.152787,0.00562796,7.04826e-05,7.94408e-06
34.85,0.152802,0.00575726,6.6595e-05,8.78919e-06
34.8667,0.152816,0.00587591,6.32146e-05,1.01414e-05
34.8833,0.152829,0.00597935,5.86509e-05,8.95821e-06
34.9,0.152842,0.00606911,5.69607e-05,7.60603e-06
34.9167,0.152855,0.00615091,5.27351e-05,7.77505e-06
34.9333,0.152868,0.0062192,5.1383e-05,6.92994e-06
34.95,0.152882,0.00627464,4.91857e-05,6.08482e-06
34.9667,0.152896,0.0063201,4.61433e-05,5.9158e-06
34.9833,0.15291,0.00635475,4.31008e-05,6.59189e-06
35,0.152925,0.00637774,4.00584e-05,6.25385e-06
35.0167,0.15294,0.00639278,3.80302e-05,4.73264e-06
35.0333,0.152953,0.00640022,3.48187e-05,6.08482e-06
35.05,0.152966,0.00639684,3.11002e-05,6.76092e-06
35.0667,0.15298,0.00639025,2.9241e-05,6.42287e-06
35.0833,0.152995,0.00637402,2.56915e-05,8.1131e-06
35.1,0.153007,0.00635002,2.29871e-05,7.60603e-06
35.1167,0.153021,0.00632027,2.09588e-05,7.94408e-06
35.1333,0.153034,0.00628292,1.89306e-05,8.28212e-06
35.15,0.153048,0.00624117,1.65642e-05,8.28212e-06
35.1667,0.153062,0.00619875,1.40289e-05,8.45114e-06
35.1833,0.153075,0.0061455,1.25077e-05,9.12724e-06
35.2,0.153089,0.00609311,1.09865e-05,9.29626e-06
35.2167,0.153103,0.00603361,7.60603e-06,1.03104e-05
35.2333,0.153118,0.00597597,6.08482e-06,1.14936e-05
35.25,0.153132,0.00591073,5.74678e-06,1.01414e-05
35.2667,0.153146,0.00584092,3.38046e-06,1.08175e-05
35.2833,0.153159,0.00577044,3.88753e-06,1.04794e-05
35.3,0.153173,0.00569759,2.1973e-06,1.01414e-05
35.3167,0.153187,0.00562339,1.69023e-06,1.01414e-05
35.3333,0.153201,0.00554733,8.45115e-07,9.97235e-06
35.35,0.153216,0.0054662,8.45115e-07,1.09865e-05
35.3667,0.153229,0.00538642,2.53534e-06,1.16626e-05
35.3833,0.153243,0.00530647,3.54948e-06,1.08175e-05
35.4,0.153256,0.00522382,2.70437e-06,9.12724e-06
35.4167,0.15327,0.00514337,2.53534e-06,8.78919e-06
35.4333,0.153286,0.0050597,2.70437e-06,8.62017e-06
35.45,0.153299,0.00497671,5.07069e-06,1.06484e-05
35.4667,0.153312,0.00489287,5.74678e-06,1.08175e-05
35.4833,0.153325,0.00481056,6.25385e-06,9.80333e-06
35.5,0.153339,0.00472689,7.09896e-06,1.03104e-05
35.5167,0.153354,0.00464272,9.80333e-06,1.33528e-05
35.5333,0.153367,0.00455838,9.97235e-06,1.25077e-05
35.55,0.153381,0.00447522,1.08175e-05,1.36909e-05
35.5667,0.153397,0.00439223,9.46528e-06,1.13245e-05
35.5833,0.153409,0.00430789,9.29626e-06,1.09865e-05
35.6,0.153422,0.00422946,9.97235e-06,1.13245e-05
35.6167,0.153436,0.00414816,9.12724e-06,9.80333e-06
35.6333,0.153451,0.00406956,9.46528e-06,9.46528e-06
35.65,0.153467,0.00399063,1.04794e-05,1.06484e-05
35.6667,0.153481,0.00391153,1.16626e-05,1.23387e-05
35.6833,0.153494,0.00383276,1.41979e-05,1.4705e-05
35.7,0.153508,0.0037562,1.43669e-05,1.43669e-05
35.7167,0.153522,0.0036776,1.40289e-05,1.38599e-05
35.7333,0.153535,0.00360137,1.58882e-05,1.4705e-05
35.75,0.15355,0.0035248,1.52121e-05,1.41979e-05
35.7667,0.153563,0.00345246,1.40289e-05,1.28457e-05
35.7833,0.153577,0.00337944,1.31838e-05,1.20006e-05
35.8,0.153591,0.00330778,1.23387e-05,1.13245e-05
35.8167,0.153605,0.00323561,1.30148e-05,1.14936e-05
35.8333,0.153619,0.00316614,1.21696e-05,1.09865e-05
35.85,0.153633,0.00309616,1.14936e-05,9.80333e-06
35.8667,0.153646,0.00302805,1.14936e-05,1.09865e-05
35.8833,0.153662,0.00294506,1.21696e-05,1.14936e-05
35.9,0.153676,0.0028788,1.06484e-05,9.80333e-06
35.9167,0.153689,0.00281423,1.06484e-05,1.03104e-05
35.9333,0.153703,0.00274814,1.35218e-05,1.28457e-05
35.95,0.153716,0.00268425,2.87339e-06,3.7185e-06
35.9667,0.15373,0.00262442,2.36632e-06,3.04241e-06
35.9833,0.153745,0.00256239,2.36632e-06,3.21144e-06
36,0.153759,0.00250188,2.53534e-06,3.38046e-06
36.0167,0.153772,0.0024417,3.38046e-06,3.54948e-06
36.0333,0.153787,0.00238305,3.21144e-06,3.88753e-06
36.05,0.153802,0.00232626,1.18316e-06,1.69023e-06
36.0667,0.153815,0.00226812,1.69023e-06,1.85925e-06
36.0833,0.153828,0.00221352,3.21144e-06,2.70437e-06
36.1,0.153843,0.00215758,1.69023e-06,2.02827e-06
36.1167,0.153857,0.00210231,2.53534e-06,2.70437e-06
36.1333,0.153872,0.00204873,4.05655e-06,4.22557e-06
36.15,0.153885,0.00199633,3.38046e-06,2.87339e-06
36.1667,0.153899,0.00194461,1.85925e-06,2.02827e-06
36.1833,0.153914,0.00189306,3.04241e-06,3.04241e-06
36.2,0.153926,0.00184573,4.22557e-06,3.88753e-06
36.2167,0.15394,0.00179604,4.05655e-06,3.54948e-06
36.2333,0.153957,0.00174601,4.73264e-06,4.73264e-06
36.25,0.15397,0.00169936,4.3946e-06,4.73264e-06
36.2667,0.153984,0.0016522,4.05655e-06,3.88753e-06
36.2833,0.153999,0.00160589,3.88753e-06,3.38046e-06
36.3,0.154015,0.00156059,3.54948e-06,4.05655e-06
36.3167,0.154029,0.00151681,2.53534e-06,2.1973e-06
36.3333,0.154043,0.00147253,3.04241e-06,2.53534e-06
36.35,0.154056,0.00142976,2.53534e-06,2.02827e-06
36.3667,0.154069,0.00138785,4.05655e-06,4.05655e-06
36.3833,0.154084,0.00134492,5.40873e-06,5.07069e-06
36.4,0.154098,0.0013057,4.90166e-06,5.40873e-06
36.4167,0.15411,0.00126547,4.3946e-06,3.88753e-06
36.4333,0.154124,0.00122694,4.56362e-06,4.56362e-06
36.45,0.154139,0.00118671,4.56362e-06,4.56362e-06
36.4667,0.154155,0.00114919,5.07069e-06,3.38046e-06
36.4833,0.154168,0.00111133,3.54948e-06,3.88753e-06
36.5,0.154182,0.00107431,4.05655e-06,3.04241e-06
36.5167,0.154196,0.00103831,4.22557e-06,3.38046e-06
36.5333,0.154211,0.00100281,5.40873e-06,4.73264e-06
36.55,0.154225,0.000967149,5.23971e-06,5.07069e-06
36.5667,0.154239,0.000933344,4.05655e-06,3.88753e-06
36.5833,0.154253,0.00089954,4.22557e-06,3.54948e-06
36.6,0.154266,0.000867595,3.04241e-06,2.1973e-06
36.6167,0.154281,0.000834466,2.1973e-06,2.02827e-06
36.6333,0.154294,0.00080269,1.52121e-06,1.18316e-06
36.65,0.154308,0.000770068,1.01414e-06,5.07069e-07
36.6667,0.154323,0.000737785,1.35218e-06,1.18316e-06
36.6833,0.154337,0.00070753,1.35218e-06,6.76092e-07
36.7,0.154352,0.000676092,1.69023e-07,5.07069e-07
36.7167,0.154367,0.000646682,1.18316e-06,3.38046e-07
36.7333,0.154381,0.000618286,8.45115e-07,0
36.75,0.154395,0.000588876,1.85925e-06,1.01414e-06
36.7667,0.154409,0.000560142,1.52121e-06,1.69023e-07
36.7833,0.154424,0.000532253,1.35218e-06,3.38046e-07
36.8,0.154437,0.000505548,2.02827e-06,3.38046e-07
36.8167,0.154451,0.000477997,2.53534e-06,1.18316e-06
36.8333,0.154467,0.000449601,1.18316e-06,1.69023e-07
36.85,0.154481,0.000424417,1.85925e-06,5.07069e-07
36.8667,0.154496,0.000398049,3.38046e-07,0
36.8833,0.15451,0.000373879,1.69023e-06,3.38046e-07
36.9,0.154525,0.000348694,1.69023e-06,1.18316e-06
36.9167,0.154539,0.000322158,1.52121e-06,1.69023e-07
36.9333,0.154554,0.000296128,2.1973e-06,6.76092e-07
36.95,0.154567,0.000273986,2.53534e-06,1.35218e-06
36.9667,0.154582,0.000250323,3.21144e-06,1.52121e-06
36.9833,0.154598,0.000227251,3.04241e-06,1.52121e-06
37,0.154611,0.00020418,2.70437e-06,1.85925e-06
37.0167,0.154624,0.00018077,3.21144e-06,1.69023e-06
37.0333,0.154639,0.000159389,3.38046e-06,2.1973e-06
37.05,0.154653,0.000136655,3.12692e-06,1.85925e-06
37.0667,0.154669,0.000114175,3.88753e-06,2.1973e-06
37.0833,0.154682,9.16104e-05,2.9579e-06,7.60603e-07
37.1,0.154697,7.13277e-05,2.78888e-06,9.29626e-07
37.1167,0.154713,5.1383e-05,4.47911e-06,3.04241e-06
37.1333,0.154727,3.11002e-05,4.05655e-06,2.61985e-06
37.15,0.154742,1.08175e-05,5.23971e-06,2.70437e-06
37.1667,0.154756,8.62017e-06,5.57776e-06,3.29595e-06
37.1833,0.154769,2.63676e-05,4.14106e-06,2.36632e-06
37.2,0.154783,4.57207e-05,4.14106e-06,2.53534e-06
37.2167,0.154799,6.53274e-05,4.64813e-06,2.53534e-06
37.2333,0.154813,8.37508e-05,3.7185e-06,1.60572e-06
37.25,0.154827,0.000103358,4.05655e-06,2.78888e-06
37.2667,0.154841,0.00012026,4.22557e-06,2.1973e-06
37.2833,0.154856,0.000137416,3.97204e-06,2.28181e-06
37.3,0.154872,0.000156515,4.31008e-06,2.53534e-06
37.3167,0.154885,0.000174685,4.14106e-06,2.36632e-06
37.3333,0.154901,0.000190996,4.56362e-06,2.53534e-06
37.35,0.154914,0.000207391,4.31008e-06,1.69023e-06
37.3667,0.15493,0.000223702,4.14106e-06,2.11279e-06
37.3833,0.154944,0.000240773,2.78888e-06,5.9158e-07
37.4,0.154958,0.000257591,2.78888e-06,1.09865e-06
37.4167,0.154972,0.000275,2.45083e-06,4.22557e-07
37.4333,0.154986,0.000288353,3.12692e-06,1.09865e-06
37.45,0.155001,0.000304664,3.29595e-06,1.01414e-06
37.4667,0.155015,0.000320552,3.12692e-06,1.26767e-06
37.4833,0.15503,0.000335003,4.73264e-06,2.70437e-06
37.5,0.155045,0.00034937,4.98618e-06,2.70437e-06
37.5167,0.15506,0.000365258,3.46497e-06,1.01414e-06
37.5333,0.155075,0.000378865,4.22557e-06,1.69023e-06
37.55,0.155089,0.000393823,4.73264e-06,2.53534e-06
37.5667,0.155104,0.000407683,5.1552e-06,2.11279e-06
37.5833,0.155119,0.000420783,5.32422e-06,3.04241e-06
37.6,0.155133,0.000434558,4.3946e-06,1.18316e-06
37.6167,0.155148,0.000448249,4.56362e-06,2.02827e-06
37.6333,0.155163,0.000461602,3.63399e-06,8.45115e-07
37.65,0.155177,0.000475208,3.12692e-06,5.07069e-07
37.6667,0.155192,0.000488561,3.29595e-06,5.07069e-07
37.6833,0.155207,0.000502421,3.88753e-06,1.09865e-06
37.7,0.155221,0.000514675,4.14106e-06,1.18316e-06
37.7167,0.155236,0.000525239,5.07069e-06,1.94376e-06
37.7333,0.155251,0.000537915,5.07069e-06,2.02827e-06
37.75,0.155266,0.000550508,3.80302e-06,6.76092e-07
37.7667,0.155281,0.000562339,4.81715e-06,1.35218e-06
37.7833,0.155295,0.000575016,5.07069e-06,2.02827e-06
37.8,0.15531,0.000584904,4.56362e-06,9.29626e-07
37.8167,0.155326,0.000596566,5.40873e-06,1.60572e-06
37.8333,0.155341,0.000607722,4.81715e-06,1.26767e-06
37.85,0.155356,0.000618962,3.97204e-06,5.9158e-07
37.8667,0.155369,0.000631639,3.54948e-06,5.9158e-07
37.8833,0.155383,0.00064271,4.73264e-06,1.52121e-06
37.9,0.155399,0.000654034,4.3946e-06,1.18316e-06
37.9167,0.155413,0.000664175,4.64813e-06,1.26767e-06
37.9333,0.155428,0.000673556,4.64813e-06,1.77474e-06
37.95,0.155442,0.000683951,4.22557e-06,1.09865e-06
37.9667,0.155458,0.000693924,3.63399e-06,7.60603e-07
37.9833,0.155473,0.000704318,3.29595e-06,3.38046e-07
38,0.155488,0.000714713,3.7185e-06,5.9158e-07
38.0167,0.155503,0.000724939,2.70437e-06,1.69023e-07
38.0333,0.155519,0.000735841,3.29595e-06,5.07069e-07
38.05,0.155534,0.000745306,2.45083e-06,1.85925e-06
38.0667,0.155549,0.000755194,2.28181e-06,1.43669e-06
38.0833,0.155563,0.000764491,2.87339e-06,8.45115e-07
38.1,0.155576,0.000773195,1.69023e-06,2.02827e-06
38.1167,0.155594,0.000782238,2.53534e-06,1.26767e-06
38.1333,0.155608,0.000790858,2.28181e-06,1.69023e-06
38.15,0.155623,0.000800154,3.46497e-06,6.76092e-07
38.1667,0.155638,0.000809028,3.29595e-06,5.07069e-07
38.1833,0.155653,0.00081917,2.87339e-06,5.07069e-07
38.2,0.155669,0.000827959,2.61985e-06,1.35218e-06
38.2167,0.155683,0.000836917,3.88753e-06,8.45115e-07
38.2333,0.155698,0.000845453,4.14106e-06,9.29626e-07
38.25,0.155713,0.000853988,4.3946e-06,0
38.2667,0.155728,0.000862777,5.07069e-06,1.26767e-06
38.2833,0.155744,0.000870806,6.42287e-06,2.87339e-06
38.3,0.15576,0.000879764,6.00031e-06,2.28181e-06
38.3167,0.155775,0.000888046,5.40873e-06,1.77474e-06
38.3333,0.15579,0.000896328,5.1552e-06,1.69023e-06
38.35,0.155804,0.000903596,5.32422e-06,1.60572e-06
38.3667,0.15582,0.000911287,3.80302e-06,8.45115e-07
38.3833,0.155835,0.000918893,4.90166e-06,5.9158e-07
38.4,0.15585,0.000927091,5.1552e-06,2.02827e-06
38.4167,0.155866,0.000933767,4.81715e-06,1.94376e-06
38.4333,0.155879,0.00094112,4.64813e-06,1.09865e-06
38.45,0.155895,0.000947627,5.40873e-06,2.11279e-06
38.4667,0.155911,0.000955317,4.47911e-06,1.01414e-06
38.4833,0.155926,0.000962923,5.07069e-06,1.01414e-06
38.5,0.155942,0.000969093,4.47911e-06,8.45115e-07
38.5167,0.155955,0.0009756,5.66227e-06,2.11279e-06
38.5333,0.155973,0.000982868,4.22557e-06,1.18316e-06
38.55,0.155987,0.000990981,3.38046e-06,1.69023e-07
38.5667,0.156002,0.000997404,3.97204e-06,3.38046e-07
38.5833,0.156018,0.00100383,3.54948e-06,8.45114e-08
38.6,0.156033,0.0010111,4.05655e-06,2.53534e-07
38.6167,0.156048,0.0010171,4.90166e-06,1.60572e-06
38.6333,0.156064,0.00102563,4.14106e-06,5.9158e-07
38.65,0.156079,0.00103239,4.56362e-06,1.09865e-06
38.6667,0.156095,0.0010389,4.31008e-06,1.52121e-06
38.6833,0.15611,0.00104558,5.23971e-06,1.77474e-06
38.7,0.156128,0.00105132,4.90166e-06,1.18316e-06
38.7167,0.156143,0.00105775,5.07069e-06,1.77474e-06
38.7333,0.156157,0.001064,4.3946e-06,1.60572e-06
38.75,0.156174,0.00107127,4.98618e-06,1.26767e-06
38.7667,0.156189,0.00107684,5.23971e-06,1.94376e-06
38.7833,0.156204,0.001082,5.9158e-06,2.53534e-06
38.8,0.15622,0.00108775,6.16934e-06,2.53534e-06
38.8167,0.156235,0.00109349,5.40873e-06,1.52121e-06
38.8333,0.156251,0.00109755,3.63399e-06,8.45114e-08
38.85,0.156267,0.00110423,4.05655e-06,8.45114e-08
38.8667,0.156284,0.00111014,4.31008e-06,5.07069e-07
38.8833,0.1563,0.0011142,3.7185e-06,8.45114e-08
38.9,0.156317,0.00112113,2.61985e-06,9.29626e-07
38.9167,0.156331,0.00112628,2.45083e-06,9.29626e-07
38.9333,0.156346,0.00113186,3.46497e-06,8.45114e-08
38.95,0.156362,0.00113609,2.87339e-06,1.09865e-06
38.9667,0.156379,0.00114133,2.70437e-06,1.09865e-06
38.9833,0.156395,0.00114733,2.9579e-06,9.29626e-07
39,0.156412,0.00115206,2.87339e-06,1.43669e-06
39.0167,0.156429,0.00115713,2.02827e-06,1.43669e-06
39.0333,0.156445,0.00116262,1.94376e-06,1.94376e-06
39.05,0.156459,0.00116744,1.85925e-06,1.85925e-06
39.0667,0.156475,0.00117378,1.94376e-06,2.11279e-06
39.0833,0.156492,0.00117877,2.45083e-06,9.29626e-07
39.1,0.156507,0.00118341,2.87339e-06,5.07069e-07
39.1167,0.156523,0.00118798,2.61985e-06,1.43669e-06
39.1333,0.15654,0.00119237,3.29595e-06,8.45114e-08
39.15,0.156556,0.00119761,3.80302e-06,1.69023e-07
39.1667,0.156572,0.00120234,3.29595e-06,1.69023e-07
39.1833,0.156588,0.00120742,3.54948e-06,2.53534e-07
39.2,0.156604,0.00121291,3.54948e-06,3.38046e-07
39.2167,0.15662,0.00121773,4.31008e-06,8.45114e-08
39.2333,0.156637,0.00122305,4.14106e-06,5.07069e-07
39.25,0.156653,0.00122744,3.7185e-06,0
39.2667,0.15667,0.00123133,3.97204e-06,3.38046e-07
39.2833,0.156687,0.00123649,3.21144e-06,8.45114e-08
39.3,0.156704,0.0012397,4.14106e-06,2.53534e-07
39.3167,0.156721,0.0012446,3.38046e-06,4.22557e-07
39.3333,0.156737,0.00124874,4.3946e-06,2.53534e-07
39.35,0.156754,0.00125322,4.47911e-06,9.29626e-07
39.3667,0.156771,0.00125787,3.88753e-06,1.69023e-07
39.3833,0.156787,0.00126066,3.46497e-06,4.22557e-07
39.4,0.156803,0.00126624,3.54948e-06,2.53534e-07
39.4167,0.15682,0.00126869,4.14106e-06,4.22557e-07
39.4333,0.156838,0.001273,3.80302e-06,3.38046e-07
39.45,0.156854,0.0012768,3.38046e-06,1.69023e-07
39.4667,0.156872,0.00128077,3.38046e-06,6.76092e-07
39.4833,0.15689,0.00128491,3.21144e-06,3.38046e-07
39.5,0.156907,0.00128753,3.88753e-06,0
39.5167,0.156924,0.00129133,3.80302e-06,1.69023e-07
39.5333,0.156941,0.00129666,3.97204e-06,3.38046e-07
39.55,0.15696,0.00129979,3.63399e-06,1.69023e-07
39.5667,0.156975,0.00130384,2.87339e-06,3.38046e-07
39.5833,0.156991,0.00130646,3.97204e-06,2.53534e-07
39.6,0.157009,0.001309,3.29595e-06,5.07069e-07
39.6167,0.157028,0.00131407,4.3946e-06,3.38046e-07
39.6333,0.157045,0.00131779,4.90166e-06,1.60572e-06
39.65,0.157062,0.00132134,4.73264e-06,9.29626e-07
39.6667,0.15708,0.00132353,5.32422e-06,6.76092e-07
39.6833,0.157097,0.00132793,4.31008e-06,1.69023e-07
39.7,0.157115,0.00133198,6.00031e-06,1.60572e-06
39.7167,0.157131,0.0013346,5.83129e-06,1.43669e-06
39.7333,0.15715,0.00133799,7.09896e-06,2.78888e-06
39.75,0.157167,0.00134086,4.90166e-06,1.09865e-06
39.7667,0.157186,0.00134272,7.09896e-06,2.61985e-06
39.7833,0.157203,0.00134458,7.3525e-06,3.46497e-06
39.8,0.157221,0.00134889,7.01445e-06,2.87339e-06
39.8167,0.157238,0.00135117,5.66227e-06,1.26767e-06
39.8333,0.157257,0.00135413,5.23971e-06,9.29626e-07
39.85,0.157275,0.00135751,5.74678e-06,1.43669e-06
39.8667,0.157294,0.00135869,5.49324e-06,9.29626e-07
39.8833,0.157311,0.00136148,5.49324e-06,1.52121e-06
39.9,0.157332,0.00136444,5.40873e-06,1.09865e-06
39.9167,0.157352,0.00136799,6.08482e-06,1.60572e-06
39.9333,0.157371,0.00137035,5.66227e-06,1.52121e-06
39.95,0.15739,0.00137204,6.92994e-06,2.70437e-06
39.9667,0.157408,0.00137331,6.00031e-06,2.02827e-06
39.9833,0.157427,0.00137703,5.07069e-06,1.52121e-06
40,0.157447,0.00137889,5.07069e-06,1.43669e-06
40.0167,0.157465,0.00138117,5.9158e-06,1.69023e-06
40.0333,0.157484,0.00138328,6.25385e-06,1.69023e-06
40.05,0.157502,0.00138616,5.57776e-06,1.85925e-06
40.0667,0.157521,0.00138692,6.50738e-06,2.53534e-06
40.0833,0.157541,0.00138988,6.33836e-06,2.11279e-06
40.1,0.157561,0.00139224,4.81715e-06,1.18316e-06
40.1167,0.157581,0.00139376,5.23971e-06,1.52121e-06
40.1333,0.1576,0.00139621,4.73264e-06,8.45115e-07
40.15,0.15762,0.00139782,4.05655e-06,8.45114e-08
40.1667,0.15764,0.00139943,4.56362e-06,4.22557e-07
40.1833,0.15766,0.00140179,4.14106e-06,8.45114e-08
40.2,0.15768,0.00140492,4.22557e-06,8.45114e-08
40.2167,0.157701,0.00140669,4.3946e-06,3.38046e-07
40.2333,0.157722,0.00140838,4.81715e-06,6.76092e-07
40.25,0.157743,0.0014105,3.7185e-06,8.45114e-08
40.2667,0.157764,0.0014132,4.81715e-06,8.45115e-07
40.2833,0.157785,0.00141658,4.56362e-06,0
40.3,0.157807,0.00141886,5.32422e-06,6.76092e-07
40.3167,0.157827,0.0014203,4.3946e-06,0
40.3333,0.157848,0.00142343,5.07069e-06,1.18316e-06
40.35,0.15787,0.0014252,5.1552e-06,0
40.3667,0.157891,0.0014274,4.3946e-06,4.22557e-07
40.3833,0.157912,0.0014301,4.64813e-06,5.9158e-07
40.4,0.157936,0.00143298,4.47911e-06,8.45114e-08
40.4167,0.157957,0.00143568,4.56362e-06,3.38046e-07
40.4333,0.157981,0.00143822,5.40873e-06,9.29626e-07
40.45,0.158002,0.00143982,6.59189e-06,1.85925e-06
40.4667,0.158025,0.0014432,5.07069e-06,1.18316e-06
40.4833,0.158048,0.00144574,5.32422e-06,1.01414e-06
40.5,0.158071,0.0014476,6.92994e-06,2.36632e-06
40.5167,0.158094,0.00144988,6.59189e-06,1.85925e-06
40.5333,0.158119,0.00145241,7.60603e-06,3.12692e-06
40.55,0.158143,0.00145512,5.07069e-06,1.18316e-06
40.5667,0.158166,0.00145791,4.64813e-06,8.45115e-07
40.5833,0.158188,0.00146036,5.1552e-06,5.9158e-07
40.6,0.158213,0.00146298,6.08482e-06,1.77474e-06
40.6167,0.158238,0.00146467,6.33836e-06,1.60572e-06
40.6333,0.158264,0.00146678,5.9158e-06,2.11279e-06
40.65,0.15829,0.00146881,6.16934e-06,2.45083e-06
40.6667,0.158313,0.00147202,5.40873e-06,1.35218e-06
40.6833,0.15834,0.00147557,3.97204e-06,4.22557e-07
40.7,0.158367,0.00147726,4.22557e-06,8.45114e-08
40.7167,0.158394,0.00147971,4.98618e-06,9.29626e-07
40.7333,0.158419,0.00148157,5.40873e-06,1.60572e-06
40.75,0.158447,0.00148487,5.66227e-06,1.85925e-06
40.7667,0.158474,0.00148664,5.23971e-06,7.60603e-07
40.7833,0.1585,0.00148825,5.32422e-06,1.09865e-06
40.8,0.158529,0.00149061,5.23971e-06,1.35218e-06
40.8167,0.158558,0.00149374,4.64813e-06,9.29626e-07
40.8333,0.158587,0.00149518,5.57776e-06,1.43669e-06
40.85,0.158616,0.0014978,5.23971e-06,9.29626e-07
40.8667,0.158645,0.00149966,5.57776e-06,7.60603e-07
40.8833,0.158675,0.00150388,5.40873e-06,1.26767e-06
40.9,0.158706,0.00150599,3.80302e-06,1.69023e-07
40.9167,0.158737,0.00150768,5.66227e-06,1.77474e-06
40.9333,0.158768,0.00150971,5.23971e-06,7.60603e-07
40.95,0.1588,0.00151292,5.57776e-06,1.09865e-06
40.9667,0.158832,0.00151487,6.16934e-06,1.77474e-06
40.9833,0.158864,0.00151749,6.33836e-06,1.69023e-06
41,0.158897,0.00151884,7.52152e-06,2.87339e-06
41.0167,0.158931,0.0015207,5.74678e-06,8.45115e-07
41.0333,0.158965,0.00152425,4.81715e-06,2.53534e-07
41.05,0.159001,0.00152594,4.90166e-06,5.9158e-07
41.0667,0.159037,0.00152831,5.74678e-06,1.43669e-06
41.0833,0.159072,0.00153033,6.50738e-06,1.43669e-06
41.1,0.159111,0.0015327,6.42287e-06,2.02827e-06
41.1167,0.159148,0.00153431,5.40873e-06,7.60603e-07
41.1333,0.159186,0.00153574,6.08482e-06,1.09865e-06
41.15,0.159224,0.00153794,6.50738e-06,1.85925e-06
41.1667,0.159263,0.00154081,5.66227e-06,6.76092e-07
41.1833,0.159303,0.00154124,6.25385e-06,1.94376e-06
41.2,0.159344,0.00154428,5.74678e-06,9.29626e-07
41.2167,0.159387,0.00154656,3.97204e-06,8.45114e-08
41.2333,0.15943,0.00154893,4.31008e-06,8.45114e-08
41.25,0.159472,0.00155036,4.64813e-06,0
41.2667,0.159517,0.00155239,3.63399e-06,3.38046e-07
41.2833,0.159562,0.00155611,3.7185e-06,4.22557e-07
41.3,0.159609,0.00155848,3.7185e-06,5.07069e-07
41.3167,0.159656,0.00155991,3.54948e-06,1.09865e-06
41.3333,0.159705,0.0015616,4.31008e-06,8.45114e-08
41.35,0.159754,0.00156422,3.29595e-06,9.29626e-07
41.3667,0.159805,0.00156642,4.73264e-06,0
41.3833,0.159857,0.0015687,4.56362e-06,1.69023e-07
41.4,0.159912,0.00157022,5.07069e-06,7.60603e-07
41.4167,0.159968,0.00157234,4.98618e-06,1.69023e-07
41.4333,0.160024,0.00157453,4.47911e-06,2.53534e-07
41.45,0.160082,0.00157605,3.97204e-06,5.07069e-07
41.4667,0.160141,0.00157884,4.98618e-06,8.45114e-08
41.4833,0.160201,0.00158129,4.90166e-06,1.69023e-07
41.5,0.160265,0.00158205,6.25385e-06,1.18316e-06
41.5167,0.160327,0.00158552,4.64813e-06,3.38046e-07
41.5333,0.160393,0.00158746,6.42287e-06,1.52121e-06
41.55,0.160461,0.00158882,4.56362e-06,4.22557e-07
41.5667,0.160529,0.00159017,4.3946e-06,4.22557e-07
41.5833,0.160599,0.00159245,5.32422e-06,6.76092e-07
41.6,0.160674,0.00159473,5.40873e-06,4.22557e-07
41.6167,0.16075,0.00159684,4.90166e-06,5.07069e-07
41.6333,0.160828,0.00159904,5.23971e-06,2.53534e-07
41.65,0.160908,0.00160022,4.31008e-06,5.07069e-07
41.6667,0.16099,0.00160268,4.05655e-06,8.45114e-08
